PlayerHand,DealerVisibleCard,Hit,Stick
8 6,10,8,5
8 6 1,10,1,0
5 8,5,4,1
1 4,4,3,0
1 4 10,4,0,2
10 4,6,2,10
3 10,9,12,8
4 10,7,8,17
4 10 3,7,0,1
7 2,9,6,0
7 2 10,9,0,2
1 3,7,9,0
1 3 10,7,0,2
8 1,10,9,13
8 1 6,10,1,1
3 6,10,30,0
3 6 1,10,0,2
8 10,10,26,43
7 5,9,6,0
7 5 8,9,0,1
10 5,4,0,20
7 1,6,0,5
10 1,9,0,17
4 1,1,3,0
4 1 8,1,1,0
2 6,10,17,0
2 6 10,10,2,3
10 2,5,9,12
2 10,3,19,3
2 10 4,3,0,1
9 10,10,18,62
7 7,10,5,7
3 5,6,3,0
3 5 6,6,1,0
3 5 6 2,6,0,1
2 1,6,7,0
2 1 5,6,1,0
2 1 5 1,6,0,1
4 8,10,14,0
4 8 7,10,0,2
2 9,1,4,1
2 9 4,1,0,1
9 7,5,0,11
2 4,7,8,0
2 4 10,7,2,5
10 7,2,0,20
10 5,10,43,39
8 4,7,3,0
8 4 4,7,1,0
8 10 3,10,0,3
2 2,10,17,0
2 2 10,10,2,6
3 3,5,2,0
3 3 2,5,1,0
3 3 2 9,5,1,0
2 10,6,18,5
10 4,5,4,10
9 6,7,3,4
10 1,10,0,70
2 10,8,10,5
10 9,10,14,56
1 10,8,0,22
2 10 4,8,0,2
7 6,7,3,0
7 6 1,7,1,1
10 10,8,0,69
3 2,2,5,0
3 2 6,2,1,0
3 2 6 1,2,1,0
3 2 6 1 9,2,0,1
3 5,4,9,0
3 5 10,4,0,3
7 6,10,12,4
7 6 7,10,0,3
7 10,8,2,8
1 2,9,4,0
1 2 8,9,0,1
1 1,10,21,0
1 1 10,10,7,1
1 1 10 3,10,1,0
1 1 10 3 5,10,0,1
6 9,9,1,2
6 9 3,9,1,0
9 6,5,0,12
10 2,10,62,21
5 4,10,18,0
5 4 8,10,1,3
5 4 8 1,10,1,0
4 10,2,11,11
6 2,8,11,0
6 2 2,8,1,0
6 2 2 7,8,1,0
1 9,6,0,3
3 10,10,47,24
7 10,3,1,27
10 7,10,43,40
10 1,4,0,10
10 7,4,0,19
2 10 7,8,0,2
5 3,9,11,0
5 3 10,9,0,1
9 3,8,8,0
9 3 1,8,1,0
9 3 1 2,8,1,0
9 3 1 2 1,8,1,0
9 3 1 2 1 1,8,0,1
10 2 8,10,1,4
7 10,9,8,6
10 10,3,0,69
5 10,4,2,24
8 6,8,3,1
4 9,4,2,1
10 7 3,10,0,3
2 1 10,6,4,0
2 1 10 5,6,0,1
10 2,9,14,5
10 2 3,9,1,0
10 2 3 5,9,0,1
10 8,1,4,19
7 10,6,0,25
1 10,2,0,15
7 10,10,32,34
7 10 3,10,0,5
10 2 1,10,3,0
7 5,2,5,0
7 5 4,2,1,0
5 4,6,6,0
5 4 10,6,0,4
9 4,4,0,6
9 8,8,0,5
3 8,10,14,0
3 8 9,10,0,1
1 10,5,0,19
7 6,2,3,2
7 6 3,2,1,0
2 1,8,8,0
2 1 7,8,0,2
2 10,10,67,14
10 10,5,0,80
10 8,6,0,11
1 7,4,2,3
1 7 10,4,0,2
9 9,5,0,4
8 10,1,10,12
8 10 3,1,0,1
10 10,2,0,72
9 5,8,5,2
7 6,4,6,2
7 6 1,4,0,1
2 2 1,10,2,0
2 2 1 1,10,1,0
2 2 1 1 4,10,1,0
2 2 1 1 4 6,10,1,0
2 2 1 1 4 6 2,10,0,1
10 3,8,14,6
10 3 7,8,0,1
8 9,10,11,8
3 10 5,9,0,4
5 10,10,39,39
10 10,4,0,75
2 9,10,15,0
2 9 5,10,1,0
6 10,6,3,11
9 5,3,2,7
10 1,3,0,20
5 4,2,5,0
5 4 10,2,0,2
10 8,10,29,35
6 3,10,21,0
6 3 10,10,2,1
10 10,9,0,90
1 10,10,2,67
7 9,7,1,3
4 1,9,4,0
4 1 10,9,2,1
10 10,10,2,237
10 3,2,9,10
6 2,10,19,0
6 2 6,10,2,0
6 10,10,32,41
9 4,10,11,5
4 8,1,6,0
4 8 5,1,3,0
1 1 7,10,1,1
1 1 7 3,10,1,0
4 10,5,10,18
5 1,10,19,0
5 1 10,10,3,1
6 1,10,25,0
6 1 8,10,2,0
6 1 8 2,10,1,0
10 4,7,13,12
3 7,10,25,0
3 7 6,10,2,2
3 2,3,5,0
3 2 8,3,1,0
2 10 3,3,0,2
8 9,9,3,2
2 5,5,3,0
2 5 8,5,0,1
9 1,7,0,6
5 3,10,18,0
5 3 7,10,2,0
3 1,10,26,0
3 1 10,10,5,1
3 1 10 6,10,0,1
6 10,7,3,12
4 2,8,4,0
4 2 6,8,1,0
10 1,2,0,22
8 8,4,0,5
10 6,5,0,18
6 5,10,24,0
6 5 10,10,0,11
2 10,9,13,2
2 10 1,9,0,1
9 1,10,0,25
10 6,10,27,38
4 7,2,6,0
4 7 3,2,1,1
10 10,7,0,63
5 10,2,14,11
5 10 3,2,0,2
10 9,1,5,16
10 2 4,9,2,0
3 5,3,5,0
3 5 1,3,0,3
10 3,10,45,17
9 8,10,10,19
8 2,6,2,0
8 2 4,6,1,0
8 2 4 2,6,0,1
5 5,4,5,0
5 5 8,4,0,1
10 3 8,10,0,5
9 1,4,0,8
10 7,6,0,27
9 9,10,3,6
5 10,1,9,5
5 10 1,1,2,0
3 6,6,1,0
3 6 4,6,1,0
4 8,4,3,0
3 1,5,9,0
3 1 9,5,1,0
9 7,10,11,13
7 4,10,20,0
7 4 9,10,0,3
2 8,10,17,0
2 8 9,10,0,2
8 5,6,5,0
2 7,1,6,0
2 7 3,1,1,0
5 2,7,9,0
5 2 6,7,1,0
5 2 6 5,7,0,1
10 8,3,0,22
8 6,5,4,5
6 4,6,3,0
6 4 9,6,0,1
10 5,9,12,12
2 1,7,6,0
2 1 10,7,1,1
5 2,6,9,0
5 2 5,6,2,0
5 2 5 6,6,0,1
10 5,6,0,15
9 9,9,2,2
10 3,6,12,20
5 3,7,7,0
5 3 9,7,1,1
2 9,6,5,0
2 9 6,6,0,1
10 3,3,5,6
10 3 1,3,0,1
2 10,2,14,2
6 4,8,4,0
6 4 10,8,0,1
3 10,2,27,3
5 10 4,10,2,5
6 10,4,0,16
9 7,1,2,1
3 3,10,17,0
3 3 6,10,3,0
3 3 6 5,10,1,0
6 10,9,10,12
7 4,3,9,0
7 4 7,3,0,1
4 5,10,12,0
4 5 8,10,0,1
1 4,9,6,0
1 4 1,9,1,0
1 4 1 8,9,1,0
10 7,9,6,14
10 7 3,9,0,2
8 7,8,3,2
8 7 5,8,0,1
3 9,4,3,2
3 9 9,4,0,1
10 10,1,1,70
10 6,1,12,10
10 7,3,0,20
8 8,10,6,5
4 10,6,7,12
10 5,5,0,14
3 10,3,9,6
3 10 4,3,0,3
9 7,8,7,8
9 2,1,8,0
9 2 10,1,0,2
8 4,1,3,0
8 4 2,1,1,0
4 9,10,14,8
4 9 1,10,1,0
4 9 1 2,10,1,0
9 4,7,5,4
9 4 1,7,1,0
5 3 10,10,5,2
6 3 2,10,1,0
6 3 2 4,10,0,1
4 9,1,6,5
4 9 3,1,2,0
7 3,9,2,0
7 3 4,9,0,1
3 5,10,21,0
3 5 3,10,4,0
3 5 3 7,10,0,1
8 10,7,0,24
3 10,8,16,1
3 10 8,8,0,1
3 2,10,26,0
3 2 3,10,2,0
3 2 3 10,10,1,0
3 2 3 10 1,10,1,0
10 2,2,6,1
10 2 4,2,0,1
4 10,10,53,22
4 10 2,10,3,1
4 10 2 4,10,0,1
8 7,9,6,2
8 7 5,9,0,2
2 3,1,9,0
2 3 6,1,2,0
2 3 6 7,1,0,1
2 8 10,10,1,7
1 7,3,5,2
1 7 10,3,0,3
7 9,9,0,6
10 10,6,0,74
10 6,2,1,25
9 6,10,8,6
9 6 1,10,1,0
2 10,7,12,4
1 6,10,20,0
1 6 8,10,2,2
7 3,4,11,0
7 3 10,4,0,4
3 10,7,17,5
1 9,9,0,3
2 1,5,12,0
2 1 4,5,1,0
2 1 4 8,5,1,0
2 1 4 8 3,5,0,1
2 10,4,12,9
2 10 4,4,0,2
2 5,2,7,0
2 5 8,2,3,0
2 5 8 3,2,0,1
2 10,1,17,4
2 10 9,1,0,1
4 8,3,7,1
4 8 7,3,0,2
6 10,1,13,7
6 10 2,1,0,2
10 4,3,3,15
10 5,2,12,12
3 2 4,2,2,0
3 2 4 10,2,0,2
1 10,9,0,19
8 6,4,2,1
1 4,5,9,0
1 4 7,5,3,0
7 6,9,4,1
6 10 4,1,0,3
10 4,10,33,29
6 9,3,0,6
10 5,1,12,4
10 5 3,1,1,1
3 8,5,7,0
3 8 10,5,0,5
1 3,1,2,0
1 3 7,1,0,1
8 2,7,5,0
8 2 10,7,0,2
6 10,2,4,16
1 9,4,0,6
10 7,5,0,14
5 8,10,11,2
5 8 5,10,0,1
4 9,6,3,5
4 9 5,6,0,1
7 9,10,12,9
2 4,10,16,0
2 4 4,10,1,0
2 4 4 10,10,0,1
10 6 5,10,0,4
4 1,2,6,0
4 1 10,2,2,0
5 3 10 3,10,0,1
3 1,9,6,0
3 1 8,9,2,0
3 1 8 7,9,0,1
7 1,3,3,3
7 1 5,3,1,0
2 1 4,8,2,0
2 1 4 10,8,1,1
5 1 4,10,0,2
3 9,10,18,1
3 9 5,10,0,1
10 3,9,13,9
7 5,7,3,0
8 1 10,10,0,3
6 3,3,5,0
6 3 4,3,0,1
10 9,4,0,18
2 10 6,3,0,3
7 3,7,6,0
7 3 1,7,0,2
1 9,10,2,12
2 10,5,16,4
10 8,2,0,21
7 9,4,0,4
10 9,2,0,26
5 7,6,4,0
10 6,3,0,18
10 7 2,10,3,3
6 8,1,4,0
6 8 6,1,1,0
6 8 6 1,1,0,1
4 5,5,2,0
4 5 10,5,0,1
9 10,9,0,23
3 2,8,4,0
3 2 3,8,1,0
3 2 3 1,8,0,1
10 9 1,10,0,1
2 4,4,3,0
2 4 7,4,1,0
7 2,8,6,0
7 2 1,8,0,1
6 9,10,10,12
10 9,8,0,23
2 7,7,3,0
2 7 10,7,0,1
10 2,1,16,1
10 2 8,1,2,2
9 3,3,3,2
9 3 9,3,0,2
1 10,7,0,28
4 10 5,10,1,3
10 3,7,13,9
3 2 10,2,0,1
8 8,1,4,1
6 4,10,18,0
6 4 10,10,0,6
7 5,10,13,0
7 5 9,10,0,2
6 2,5,6,0
6 2 9,5,0,2
10 8,8,1,8
4 3,10,23,0
4 3 4,10,2,0
4 3 4 10,10,0,2
2 1,9,5,0
2 1 10,9,1,1
2 1 10 3,9,1,0
3 7,3,3,0
3 7 9,3,0,1
3 10 3,2,0,3
2 8,7,6,0
2 8 6,7,0,3
10 1,8,0,14
9 2 5,1,1,1
6 1,6,2,0
6 1 5,6,1,0
2 10 6,10,2,5
5 10,7,3,14
3 8,2,4,0
3 8 7,2,0,1
5 6,10,19,0
5 6 8,10,0,2
2 1 10,5,3,3
8 7 6,8,0,1
1 2,1,6,0
1 2 1,1,1,0
1 2 1 10,1,1,0
9 2,3,5,0
9 2 9,3,0,2
3 2,6,4,0
3 2 8,6,2,0
3 2 8 7,6,0,2
1 6 4,10,0,1
9 5,4,2,2
10 2,4,8,12
10 2 4,4,0,2
10 2,6,5,13
5 5,10,9,0
5 5 8,10,0,2
8 2,2,9,0
8 2 2,2,2,0
8 2 2 1,2,1,0
8 2 2 1 7,2,0,1
3 7 10,10,0,6
1 8,10,7,10
1 8 7,10,1,1
1 8 7 4,10,0,1
3 7,4,5,0
3 7 6,4,0,1
8 3,10,31,0
8 3 2,10,5,0
8 3 2 3,10,1,0
1 1,7,10,0
1 1 10,7,3,0
1 1 10 3,7,1,0
1 1 10 3 3,7,0,1
1 4,2,4,0
1 4 9,2,2,0
1 4 9 2,2,0,1
7 5,4,3,0
5 9,8,3,2
5 9 1,8,0,1
3 3 8,10,2,0
3 3 8 7,10,0,1
5 9,10,13,5
5 9 7,10,0,1
3 2,7,4,0
3 2 10,7,1,1
3 2 10 1,7,0,1
5 3 9,9,2,1
5 2 4,6,1,0
5 2 4 4,6,1,0
5 2 4 4 6,6,0,1
10 6,9,2,12
3 10 4,10,1,2
1 7,5,4,2
1 7 5,5,1,0
2 6 3,10,2,0
2 6 3 4,10,1,0
4 9,7,9,0
4 9 1,7,1,1
2 7,10,20,0
2 7 10,10,0,7
3 4,8,7,0
3 4 7,8,1,1
2 6,9,6,0
2 6 6,9,1,0
2 6 6 1,9,1,0
2 6 6 1 4,9,0,1
5 7,8,5,0
4 7,5,4,0
4 7 3,5,0,1
3 8 10,10,0,6
7 2,10,26,0
7 2 1,10,1,4
9 8,6,0,3
5 5,8,3,0
5 5 10,8,0,2
10 8,4,0,25
3 10,1,18,0
3 10 8,1,0,3
8 9,3,0,3
7 10,5,0,29
8 6,3,2,4
6 6,3,4,0
6 6 5,3,0,1
1 7 8,3,0,1
4 7,10,21,0
4 7 10,10,0,4
5 4 4,2,1,0
9 3 6,8,0,2
7 4,1,8,0
7 4 4,1,1,1
6 3 9,3,0,2
9 10,8,0,23
6 1,4,10,0
6 1 6,4,2,0
8 10 2,10,0,3
7 1,5,3,4
7 4,6,6,0
7 4 10,6,0,2
2 5,4,4,0
2 5 8,4,0,2
8 10,5,0,17
8 9,1,2,3
3 3,9,3,0
3 3 10,9,1,0
3 3 10 2,9,1,0
3 7 10,4,0,3
4 10,3,5,10
10 6,8,9,12
3 5 3 10,10,0,2
1 2,10,19,0
1 2 7,10,1,1
1 2 7 7,10,1,0
1 6 10,10,2,8
6 10 3,10,0,3
2 5,10,28,0
2 5 4,10,5,0
2 5 4 1,10,1,0
10 2 2,5,1,0
10 2 2 3,5,0,1
1 7,7,4,1
1 7 9,7,0,1
7 10,1,9,6
3 10 1,10,5,2
3 10 1 2,10,1,0
2 7,8,5,0
2 7 1,8,0,1
7 10,4,0,19
9 10,4,0,9
2 9,8,3,0
2 9 10,8,0,1
8 10,4,0,17
3 1,1,6,0
3 1 6,1,1,0
3 1 6 8,1,0,1
3 10 1,2,3,1
1 3,8,6,0
1 3 7,8,0,1
9 2,5,6,1
4 10,9,15,4
4 10 2,9,3,3
8 5,10,16,5
8 5 5,10,1,0
1 3,6,3,0
1 3 6,6,0,1
1 4,3,3,0
1 4 10,3,0,1
10 3,5,10,14
10 3 2,5,0,2
10 8,5,0,21
10 4,4,4,11
10 4 5,4,0,1
8 10,6,0,25
1 1,2,6,0
1 1 10,2,1,0
1 1 10 2,2,0,1
2 10 1,6,0,4
2 10 8,10,1,2
4 9,2,4,0
7 1,1,2,0
7 1 5,1,1,0
7 1 5 8,1,0,1
1 10,3,0,16
10 7,8,12,17
4 7,9,8,0
4 7 5,9,1,2
1 5,7,10,0
1 5 4,7,0,1
6 10,3,1,20
3 2 10,6,0,1
1 10,1,0,13
7 3,5,5,0
7 3 10,5,0,2
6 3,2,6,0
6 3 2,2,1,0
6 3 2 4,2,0,1
5 9,4,3,4
2 8 8,10,1,1
2 8 8 1,10,0,1
9 7,4,0,5
8 5,5,5,0
8 5 6,5,0,1
6 1,1,3,0
6 1 10,1,0,1
7 7,4,2,0
7 7 3,4,0,1
8 3 4,10,1,1
3 1,2,3,0
3 1 1,2,1,0
3 1 1 6,2,0,1
7 9,2,1,2
3 1 4,10,4,0
3 1 4 10,10,0,2
6 2,6,5,0
6 2 9,6,0,2
8 10,9,3,17
2 2,8,6,0
2 2 10,8,1,0
2 2 10 3,8,0,1
2 3,10,14,0
2 3 2,10,1,0
2 3 2 1,10,1,0
2 3 2 1 6,10,1,0
9 3,10,25,1
4 2,4,8,0
4 2 10,4,0,3
10 4 1,7,0,2
5 10,5,0,14
8 3 10,10,0,10
10 5 1,1,1,0
6 5 4,10,2,0
1 2,4,4,0
1 2 7,4,0,1
6 4 8,8,0,2
9 3 5,10,2,2
9 9,6,0,3
10 9,9,1,16
7 2,3,6,0
7 2 5,3,1,0
4 4,8,8,0
4 4 10,8,1,3
1 7,2,7,2
1 7 5,2,2,1
4 1,4,8,0
4 1 3,4,0,1
6 4 3,10,2,0
2 2 3,8,1,0
2 2 3 8,8,0,1
5 6,1,2,0
5 6 9,1,0,1
1 4,1,7,0
1 4 9,1,1,0
10 3,4,10,11
2 4 10,4,0,2
3 7,9,3,0
3 7 5,9,1,0
10 5 6,2,0,2
6 1 4,10,0,3
1 3,2,7,0
1 3 10,2,2,1
4 7,4,2,0
4 7 10,4,0,2
10 1,5,0,27
10 2 8,9,0,2
9 4,8,4,3
10 5,7,12,8
10 5 6,7,0,3
10 1,1,0,16
4 3,3,2,0
4 3 5,3,1,0
4 3 5 4,3,0,1
8 7,2,2,0
8 7 1,2,1,1
3 9,1,5,1
3 9 6,1,1,1
5 10,3,2,11
4 10 2,2,0,2
4 4,4,3,0
4 4 6,4,1,0
4 4 6 2,4,0,1
4 2,3,4,0
4 2 10,3,0,4
1 10,6,0,14
9 10,5,0,16
8 7,10,8,10
8 7 3,10,1,0
8 4,10,20,0
6 1,9,4,0
6 1 6,9,1,0
6 1 6 2,9,1,0
6 1 6 2 5,9,0,1
7 4 8,6,0,2
1 9,3,0,3
2 1,2,5,0
2 1 10,2,2,0
3 9,2,1,1
1 6,9,10,0
1 6 5,9,0,1
8 10,3,0,9
7 8,2,4,0
3 5,7,5,0
3 5 10,7,0,1
5 8,7,5,0
5 8 4,7,0,1
6 3,9,7,0
6 3 2,9,3,0
6 3 2 9,9,0,1
4 7 4,2,0,1
9 1,8,0,5
7 7,2,5,0
6 6,9,4,0
6 6 8,9,1,2
3 10 8,3,0,2
10 4,9,15,3
1 5,1,2,0
1 5 10,1,1,1
7 2,2,3,0
7 2 10,2,0,2
1 7,8,4,2
1 7 10,8,0,1
3 4,10,21,0
3 4 10,10,4,4
10 4,8,8,10
10 4 3,8,2,0
1 7,6,2,2
10 8,7,0,14
4 3 10,10,2,5
2 6,4,3,0
2 6 1,4,0,1
3 6,2,1,0
3 6 2,2,1,0
3 6 2 10,2,0,1
4 4,6,6,0
4 4 7,6,0,1
1 7,10,20,4
1 7 8,10,1,1
1 7 8 3,10,0,1
1 1 7,2,0,1
10 9,5,0,17
7 4 10,10,0,8
10 6,6,0,17
9 2,10,27,0
9 2 4,10,2,3
1 5 6,7,2,0
1 5 6 3,7,0,1
1 4,6,3,0
1 4 5,6,0,1
2 10 7,9,0,2
8 7,6,2,3
9 10,1,3,13
10 9,6,0,21
2 3,3,3,0
2 3 7,3,1,0
2 3 7 9,3,0,1
10 4,1,8,8
6 10,5,0,23
4 6,1,3,0
4 6 7,1,1,1
4 10,1,20,5
4 10 4,1,1,1
8 8,7,0,4
10 7,1,8,8
10 7 1,1,0,1
5 9,2,2,0
1 3,9,2,0
1 3 9,9,1,0
1 3 9 6,9,0,1
3 8 5,10,1,0
10 4 5,10,1,1
7 6,8,1,2
7 6 2,8,1,0
4 10,4,2,8
2 4,9,6,0
2 4 8,9,1,0
2 4 8 1,9,1,0
8 1 2,10,0,1
8 3,9,8,0
8 3 6,9,0,1
5 2,3,6,0
5 2 7,3,1,0
8 6 2,5,0,1
3 1 8 1,9,1,0
3 1 8 1 7,9,0,1
6 7,4,4,2
1 9,7,0,5
2 6 3,9,2,0
2 6 3 10,9,0,1
2 7 8,7,0,1
2 7,9,6,0
2 7 5,9,1,0
2 7 5 2,9,1,0
2 7 5 2 4,9,0,1
4 6,10,17,0
4 6 9,10,1,3
7 3,10,13,0
7 3 10,10,0,4
2 9 7,10,0,1
2 7,5,5,0
2 7 1,5,0,1
7 2,4,4,0
7 2 5,4,1,0
10 6 3,8,0,2
2 1 1,5,1,0
2 1 1 5,5,0,1
3 10,4,11,8
2 2,7,4,0
2 2 4,7,1,0
2 2 4 10,7,0,1
2 4,2,4,0
2 4 9,2,1,0
2 4 9 3,2,0,1
8 2,10,17,0
8 2 5,10,2,0
8 2 5 2,10,1,0
5 7,1,9,0
5 7 3,1,1,1
7 8,1,4,1
9 2 10,10,0,10
4 1 7,4,2,0
4 1 7 5,4,0,1
10 3 3,10,1,3
8 3 4,9,1,0
8 3 4 2,9,1,0
9 3,1,7,0
9 3 8,1,0,2
8 3 5,10,3,0
8 3 5 1,10,1,0
8 3 5 1 2,10,1,0
3 6,1,3,0
3 6 1,1,1,0
3 6 1 1,1,0,1
2 10 6,1,1,2
9 5,6,5,2
10 2 6,5,0,1
10 2 5,10,7,1
1 1,3,6,0
1 1 8,3,0,1
5 8 7,5,0,1
10 2 5 3,10,1,0
10 2,8,17,8
10 2 9,8,0,2
2 6,8,5,0
2 6 10,8,1,1
3 8 7,5,0,1
1 4 1,6,1,0
1 4 1 7,6,1,0
1 4 1 7 2,6,0,1
4 5 10,10,3,2
2 10 2,10,5,1
2 10 2 6,10,0,2
6 6 9,3,0,1
2 8,1,2,0
2 8 10,1,0,1
8 1,4,0,5
4 3 9,10,0,2
3 10 6,4,0,1
5 10,8,6,15
8 5,2,4,0
8 5 1,2,0,1
9 2 6,10,2,1
9 2 6 3,10,1,0
6 1,8,4,0
6 1 1,8,1,0
6 1 1 10,8,0,1
8 9,7,0,6
3 3 10,10,4,1
9 6,6,0,4
7 6 3,10,1,1
6 8,5,1,3
6 3 2 10,9,0,2
4 6 1,10,1,4
6 4,4,4,0
6 4 10,4,0,2
7 6,3,4,0
2 4,5,5,0
2 4 1,5,1,0
2 4 1 7,5,1,0
4 2,9,5,0
4 2 8,9,0,1
6 7,10,13,1
6 7 8,10,0,4
10 2,3,7,8
2 10 5,1,0,1
10 2 4,10,6,0
6 1 10,4,0,2
9 10,2,0,9
5 10 5,7,0,2
2 3,8,3,0
2 3 9,8,0,1
4 6,9,3,0
4 6 5,9,1,0
4 6 5 1,9,0,1
2 10 4,6,1,1
3 7,8,4,0
3 7 3,8,1,0
3 7 3 7,8,0,1
3 5,8,3,0
3 5 1,8,0,1
7 2 8,10,0,2
10 5 2,10,4,1
8 1,1,1,0
8 1 5,1,1,0
7 7 3,2,1,0
5 7,9,8,0
5 7 8,9,0,1
2 9,5,7,0
2 9 5,5,0,2
6 1,2,9,0
6 1 3,2,0,2
4 10 7,9,0,1
2 5,1,3,0
2 5 9,1,0,1
2 10 6,4,0,2
10 5,3,0,15
3 10 2,10,1,2
3 10 2 4,10,0,1
5 4,1,7,0
5 4 10,1,0,2
7 1,2,9,3
2 4 3,5,2,0
2 4 3 10,5,0,1
2 4,8,5,0
2 4 10,8,0,2
6 10,8,10,6
5 9,5,0,4
2 3,2,6,0
2 3 10,2,2,1
7 6 1,10,1,0
6 9,1,3,0
6 10 5,2,0,1
10 2,7,15,6
1 6,8,6,0
1 6 10,8,0,4
10 6,7,1,17
7 4 3,10,2,0
8 4,6,7,0
2 6,2,7,0
2 6 10,2,0,4
7 7,9,4,2
6 6,10,14,0
4 1,7,3,0
4 1 3,7,1,0
4 1 3 10,7,0,1
10 9,7,0,17
3 10 6,10,0,4
4 6,7,5,0
4 6 7,7,0,1
10 3 2,8,3,0
10 3 2 3,8,0,1
6 3,7,2,0
6 3 8,7,0,1
1 10 10,10,0,1
2 7 9,1,0,3
6 4 10,6,0,1
10 4,2,11,10
2 7 8,1,1,0
2 7 8 3,1,0,1
6 6,7,3,0
6 6 6,7,0,1
1 3,10,28,0
1 3 10,10,7,2
8 5,1,1,2
2 9,3,4,0
2 9 4,3,0,1
4 4 9,6,0,1
1 2 10,10,7,0
1 2 10 2,10,1,1
5 5,9,3,0
5 5 3,9,1,0
5 5 3 1,9,1,0
5 3,2,5,0
5 3 1,2,2,1
5 3 1 10,2,0,1
4 1,3,4,0
4 1 10,3,0,2
4 7 6,10,2,0
10 6 5,1,0,2
5 6,6,7,0
5 6 2,6,1,0
5 6 2 4,6,0,1
4 8 1,10,4,0
4 8 1 2,10,1,0
4 8 1 2 6,10,0,1
10 9,3,0,15
10 8 1,10,3,2
4 5,1,7,0
4 5 4,1,1,0
4 5 4 8,1,0,1
1 1,6,7,0
1 1 1,6,1,0
1 1 1 4,6,1,0
1 1 1 4 10,6,0,1
5 7 3,9,1,0
2 10 5,10,4,2
3 7,6,13,0
3 7 8,6,0,2
6 5,6,3,0
6 5 10,6,0,3
10 8,9,3,20
3 3,2,4,0
3 3 2,2,1,0
3 3 2 4,2,1,0
3 3 2 4 6,2,0,1
2 3 9,1,3,1
2 7 6,10,3,2
6 3 9,10,0,3
4 3,8,6,0
4 3 10,8,1,0
4 3 10 3,8,0,1
5 8,4,5,2
5 1,4,5,0
5 1 10,4,0,4
3 7,2,7,0
3 7 8,2,0,1
2 10 9,10,0,3
1 5 10,7,1,3
5 2 1,7,1,0
5 2 1 7,7,1,0
2 10 9,3,0,2
5 4 2,1,1,0
5 4 2 5,1,0,1
5 4,4,3,0
5 4 10,4,0,1
7 7 5,9,0,1
3 7,1,7,0
3 7 1,1,0,1
10 4 7,8,0,1
9 4,2,2,0
10 3 2,7,4,0
10 3 2 1,7,0,1
1 4 3,4,1,0
1 4 3 10,4,0,1
4 3,1,6,0
4 3 10,1,1,2
6 2 5,8,1,0
6 1 9,6,0,1
5 6,4,4,0
5 6 6,4,0,1
8 3,7,6,0
8 3 10,7,0,2
6 1 3,4,0,1
4 10,8,10,6
4 10 7,8,0,1
5 4 9,1,0,2
8 1,9,1,6
10 1,7,0,16
10 2 7,5,0,1
4 9 3,10,1,2
2 6 9,8,0,1
2 5 10,1,1,0
4 5,2,3,0
4 5 3,2,1,0
4 5 3 2,2,1,0
4 5 3 2 6,2,0,1
4 8 8,10,0,2
6 10 4,2,0,1
5 9,7,3,4
2 3 10 5,2,0,1
8 2,5,7,0
8 2 3,5,2,0
8 2 3 8,5,0,1
4 5,7,5,0
4 5 1,7,0,1
1 4,10,21,0
1 4 6,10,0,1
4 3,2,3,0
4 3 7,2,1,0
4 3 7 2,2,0,1
1 3 9,10,5,0
5 5,2,5,0
5 5 5,2,1,1
4 7,8,3,0
4 7 10,8,0,1
1 2,3,12,0
1 2 7,3,0,2
5 2 10,6,0,4
4 6,4,4,0
4 6 3,4,1,0
8 2,3,5,0
8 2 10,3,0,3
8 9 1,10,1,0
5 6,5,5,0
5 6 4,5,0,1
3 1 10,1,2,0
3 10 8,2,0,1
8 9,5,0,3
2 7,2,2,0
2 7 4,2,1,0
5 10 1,10,1,0
6 1,7,2,1
6 1 10,7,0,1
8 3 10,9,0,3
2 7,4,4,0
2 7 1,4,0,1
2 2 9,8,2,0
2 2 9 6,8,0,2
5 8,6,7,1
5 8 1,6,2,0
3 6 4,10,2,0
3 6 4 5,10,0,1
3 4,2,9,0
3 4 10,2,0,2
10 7 1,9,1,0
4 6 10,7,0,3
1 6,2,4,0
1 6 9,2,1,1
5 3 7,7,0,1
6 3,4,3,0
6 3 5,4,1,0
6 3 5 1,4,0,1
9 4,3,6,1
5 3,6,8,0
5 3 9,6,0,2
1 3 4,2,2,1
1 3 4 8,2,1,0
2 8,6,3,0
2 8 7,6,0,1
3 5,1,4,0
3 5 6,1,1,0
5 7,3,5,0
9 4,5,4,3
9 4 3,5,0,1
2 3,4,4,0
2 3 3,4,2,0
2 3 3 4,4,1,0
2 3 3 4 8,4,0,1
1 2,6,4,0
1 2 8,6,0,1
8 5,8,3,0
8 5 3,8,1,0
8 5 3 4,8,0,1
4 3,9,8,0
4 3 4,9,2,0
4 3 4 5,9,0,1
8 4 1,10,3,0
8 4 1 2,10,1,0
9 10,3,0,15
1 2 6,10,3,2
1 2 6 10,10,1,0
8 6,7,1,1
8 6 5,7,0,1
8 8,3,0,5
6 2 10,10,1,2
9 9,1,2,2
2 3 4,3,1,0
2 3 4 10,3,0,1
8 10,2,0,15
10 6 2,8,0,1
6 6 5,10,0,1
7 1 7,5,0,1
1 5,10,12,0
1 5 7,10,1,0
8 3,2,5,0
8 3 1,2,2,0
9 9,7,0,5
5 2,10,9,0
5 2 10,10,2,0
5 2 10 3,10,0,2
2 4,1,9,0
2 4 2,1,1,0
2 4 2 10,1,1,0
3 8 1,10,1,0
3 8 1 7,10,0,1
9 1,6,0,4
7 8,5,0,6
1 7 2,10,0,6
10 5,8,7,9
2 6 7,10,0,1
5 7,4,2,0
1 6,3,5,1
2 4 2,10,2,0
2 4 2 10,10,0,1
7 3,1,3,0
7 3 6,1,1,1
5 9,1,8,1
5 9 4,1,1,0
5 9 4 2,1,0,1
2 6,3,4,0
2 6 8,3,0,2
5 10,6,4,13
7 1 10,2,0,4
6 5,8,4,0
6 5 10,8,0,2
10 3,1,15,1
3 2,4,5,0
3 2 10,4,0,2
7 8,3,4,8
7 8 1,3,0,1
1 1 10,6,2,0
1 1 10 5,6,0,2
3 1 3,10,2,0
3 1 3 10,10,0,1
6 7,9,0,2
4 3,5,5,0
4 3 7,5,1,0
9 6,8,1,3
6 9,5,0,4
5 10 2,7,0,1
5 3 7,9,1,1
2 10 7,5,0,1
8 2 2,10,1,0
8 5,4,3,3
2 1 4,2,2,0
2 1 4 5,2,1,0
2 1 4 5 7,2,0,1
6 5,2,6,0
6 5 9,2,0,1
4 4 7,4,0,1
3 6 8,1,1,0
3 6 8 2,1,0,1
6 5 7,10,1,1
5 9,9,3,1
5 9 1,9,1,0
5 9 1 3,9,0,1
3 7,5,5,0
3 7 10,5,0,3
8 6,1,7,1
8 6 2,1,1,0
4 2 9,4,0,1
6 8,7,6,4
9 2,6,7,0
9 2 10,6,0,4
4 5 7,7,0,1
8 6,2,4,6
7 3 6,4,0,2
1 3 7,10,0,2
8 2 10,10,0,3
10 2 9,6,0,3
8 10 1,10,2,0
10 6,4,0,18
4 3 2,5,1,0
4 3 2 8,5,0,1
8 7,5,1,5
6 6 4,10,2,0
4 3 8,9,1,0
2 10 3,2,1,0
6 3,8,6,0
6 3 6,8,2,0
2 9 4,10,0,1
2 9 10,10,0,8
3 3,1,3,0
3 3 10,1,1,0
3 3 10 1,1,1,0
3 3 10 1 3,1,0,1
8 3 5,7,0,1
1 2 1,3,1,0
1 2 1 1,3,1,0
1 2 1 1 10,3,0,1
7 4,2,7,0
7 4 10,2,0,2
9 8,4,0,4
8 3,4,4,0
8 3 5,4,0,1
10 6 3,1,0,1
9 3,2,3,1
9 3 2,2,1,0
9 3 2 1,2,1,0
9 3 2 1 6,2,0,1
10 7,7,0,13
5 6,7,5,0
5 6 2,7,1,0
1 5,8,3,0
1 5 5,8,0,1
3 10 7,10,0,6
1 1 2,10,1,0
1 1 2 6,10,0,1
9 8,1,2,2
4 3 5,10,4,0
4 3 5 2,10,1,0
4 3 5 2 3,10,0,1
5 6 7,6,0,1
10 5 1,10,4,0
10 5 1 3,10,1,1
6 9 6,10,0,1
1 7 10,10,2,6
10 3 3,2,0,1
4 1 7,2,1,0
4 5,3,5,0
4 5 1,3,0,2
4 1,10,20,0
4 1 1,10,3,0
4 1 1 6,10,1,0
4 1 1 6 9,10,0,1
4 6,2,5,0
4 6 8,2,0,2
2 7,6,3,0
2 7 10,6,0,3
8 9,8,0,7
8 4 5,10,0,1
6 9,2,4,6
7 4,4,7,0
7 4 8,4,0,1
9 7 2,10,3,0
5 3 6,9,2,0
3 7 7,1,0,1
10 4 2,2,0,1
2 6,1,6,0
2 6 6,1,1,0
2 6 6 1,1,1,0
2 6 6 1 4,1,0,1
9 6,9,3,2
5 5 1,10,0,1
9 5,10,15,6
3 1,3,5,0
3 1 10,3,0,2
5 2,2,5,0
5 2 2,2,1,0
5 2 2 1,2,0,1
4 1 6,10,0,4
4 9,3,4,2
10 2 6,10,1,3
8 5 7,2,0,1
4 5,9,5,0
4 5 10,9,0,2
4 10 6,1,0,2
7 1,10,12,1
7 1 6,10,1,1
3 6 3,10,3,0
3 6 3 9,10,0,1
1 5 10,10,2,0
1 5 10 5,10,0,1
5 2,1,7,0
5 2 10,1,1,3
2 8,4,5,0
2 8 3,4,0,1
6 7,1,4,1
4 10 2 2,9,0,1
2 5,3,4,0
2 5 1,3,1,0
2 5 1 4,3,1,0
2 5 1 4 9,3,0,1
8 2,4,6,0
8 2 10,4,0,4
9 5,2,4,1
6 1 7,10,2,0
6 1 7 7,10,0,1
4 1,5,2,0
4 1 3,5,0,2
10 3 3,1,1,1
10 3 3 4,1,0,1
3 9,6,6,0
3 9 3,6,0,1
1 8 9,10,0,1
5 6 10,7,0,3
7 8,9,6,1
7 8 1,9,1,0
3 2 3,4,1,0
3 2 3 5,4,1,0
1 6 10,9,0,4
7 10,7,1,14
3 5 5,6,1,0
3 5 5 1,6,1,0
4 4 9,8,2,0
10 3 8,6,0,2
7 7,5,3,1
8 9,6,0,4
2 9,4,5,0
2 9 10,4,0,2
6 3 6,10,1,1
9 2 8,1,1,2
7 5,8,3,0
7 2 5,10,1,1
7 2 5 1,10,1,0
5 8,9,3,3
5 8 6,9,0,2
10 4 3,10,3,1
10 4 3 4,10,0,2
2 8 10,6,0,2
2 5,8,5,0
2 5 8,8,1,0
7 4 2,10,3,1
1 1 4,10,3,0
1 1 4 10,10,1,0
1 1 4 10 4,10,0,1
9 3,6,3,0
9 3 6,6,0,2
4 2,10,9,0
4 2 2,10,1,0
4 2 2 3,10,1,0
4 2 2 3 3,10,1,0
5 2,5,6,0
5 2 1,5,1,0
5 2 1 6,5,1,0
2 4 10,9,1,2
7 6,1,4,1
7 6 2,1,1,0
7 6 2 5,1,0,1
3 5,5,4,0
3 5 10,5,0,2
1 10,4,0,17
2 4 3,1,2,0
2 4 3 4,1,2,0
2 4 3 4 6,1,0,1
5 3,5,3,0
5 3 10,5,0,1
1 7 8,6,0,2
6 8 4,1,1,0
6 8 4 1,1,1,0
5 7,5,4,0
5 7 6,5,0,1
8 3 3,9,0,1
2 5,7,9,0
2 5 2,7,1,0
2 5 2 1,7,0,1
6 1 10,8,0,1
9 3,5,5,2
6 10 3,1,1,0
10 3 2 4,8,0,1
4 5 10,7,0,2
4 2 10,10,2,3
3 10 3,10,1,1
9 5,5,1,1
3 2,9,5,0
3 2 5,9,1,0
3 2 5 8,9,1,0
7 4 6,3,0,2
8 2 1,2,0,1
8 3,3,3,0
8 3 10,3,0,1
7 9 5,10,0,2
10 2 3,10,3,2
2 2 10,7,2,0
1 2,5,5,0
1 2 10,5,2,1
1 2 10 6,5,0,1
1 8,1,2,0
1 8 5,1,1,0
1 8 5 5,1,0,1
7 3 9,4,0,1
5 7 4,5,0,1
2 10 6,7,0,2
3 6 10,10,1,12
7 9,1,4,2
3 2 5,8,1,0
3 2 5 10,8,0,1
4 2,7,7,0
4 2 6,7,2,0
6 5 10,2,0,2
4 4 1,6,0,2
1 3 4,10,3,0
1 3 4 6,10,1,0
1 3 4 6 1,10,1,0
1 3 4 6 1 2,10,0,1
6 10 5,8,0,2
3 7,7,4,0
3 7 8,7,0,1
6 4 7,6,0,1
6 8,9,5,2
5 6 10,4,0,3
1 8 10,10,0,1
5 3,1,4,0
5 3 4,1,1,0
2 2,6,5,0
2 2 1,6,1,0
2 2 1 10,6,1,0
9 7,6,0,3
9 4 5,10,1,1
6 5 1,10,2,0
6 5 1 2,10,0,1
9 2 7,6,0,1
6 4 6,4,0,1
9 7,9,2,1
9 7 5,9,0,1
4 7 5,10,3,3
4 3 2,3,1,0
4 3 2 2,3,1,0
4 3 2 2 10,3,0,1
3 1 4,1,2,0
3 1 4 5,1,1,0
3 7 7,7,0,1
2 6 4,1,1,0
2 6 4 8,1,0,1
5 5 10,10,0,3
7 1,9,4,3
7 1 9,9,1,0
3 10,6,10,10
3 5 1,7,0,2
9 4 6,3,0,1
7 2 10,4,0,2
10 5 4,10,3,1
10 5 4 2,10,0,1
5 7,10,19,0
6 7,5,4,2
10 3 4,7,0,1
3 10 2,9,1,0
8 4,2,5,0
8 4 5,2,0,1
8 3,6,6,0
8 3 10,6,0,2
4 2 5,9,1,0
4 2 5 3,9,1,0
10 3 2,6,1,0
1 4 10,10,4,1
4 8 5,4,0,1
6 8,10,16,10
4 7,3,3,0
4 7 10,3,0,1
6 9,6,0,2
3 4 5,10,2,0
3 4 5 4,10,0,1
2 8,2,6,0
2 8 5,2,0,2
10 2 9,10,0,10
3 3 10,2,0,2
4 2 2,4,1,0
4 2 2 9,4,0,1
5 10 5,10,0,2
1 3 10 3,10,1,0
1 3 10 3 1,10,0,1
7 8,10,8,7
9 10,7,0,15
2 3 5,10,2,0
2 3 5 10,10,0,2
1 9,5,0,4
1 4 7 6,5,0,1
2 4 2 6,10,0,1
4 7 10,9,0,3
3 3 2,10,1,0
3 3 2 10,10,1,0
4 8,6,9,0
2 1,10,24,0
2 1 8,10,0,4
1 5 1,7,1,0
1 5 1 7,7,1,0
7 2 6,10,3,0
7 2 6 1,10,1,0
3 6,4,6,0
3 6 6,4,0,1
5 3 1,10,1,1
5 3 1 10,10,0,1
1 8,2,1,4
2 5 6,7,1,0
2 5 6 3,7,0,1
5 2,9,6,0
5 2 10,9,0,2
2 4 10,10,5,2
9 1,1,0,2
5 5,1,2,0
5 5 1,1,0,1
7 8,6,0,1
9 2,8,0,1
9 8,9,2,3
4 7 8,2,0,1
9 2 10,5,0,1
8 1,7,0,4
6 8 6,7,0,2
5 1 5,10,0,1
3 10 6,3,0,1
1 5,2,8,0
1 5 4,2,0,2
9 8,3,0,3
2 1 8,7,0,3
3 8 10,2,0,2
1 8,4,0,8
2 1 10 7,6,0,1
9 2 4,5,0,1
3 10 7,2,0,7
2 1 6,10,1,1
7 2,5,3,0
7 2 9,5,0,2
5 3,4,6,0
5 3 6,4,1,1
9 2,4,5,0
9 2 8,4,0,1
9 10,6,0,22
8 1,8,0,6
2 7 2,7,1,0
2 7 2 6,7,0,1
1 5 6 4,7,0,1
3 7 4,1,1,1
3 7 4 1,1,1,0
9 3 2,10,0,1
4 4 2,6,1,0
4 4 2 8,6,0,1
1 1,1,2,0
1 1 5,1,2,0
1 1 5 10,1,1,0
1 1 5 10 2,1,0,1
6 4 4,10,2,1
8 2 8,10,1,0
7 10 3,9,0,1
3 10 5,8,0,2
3 5 10,3,0,1
6 1 7,8,1,0
6 1 7 4,8,0,1
4 10 4,7,0,1
6 5,7,3,0
6 5 10,7,0,1
7 3 3,10,1,0
2 4,3,3,0
2 4 6,3,2,0
2 4 6 2,3,1,0
2 2 10 4,7,0,1
5 8 3,10,1,0
5 8 3 1,10,1,0
3 10 3,4,0,1
7 2 10,10,0,5
5 8,1,4,0
2 1,3,5,0
2 1 7,3,0,1
3 2 1,4,1,0
3 2 1 10,4,0,1
10 3 5,1,1,0
6 5,3,3,0
6 5 1,3,1,0
6 5 1 1,3,1,0
6 5 1 1 3,3,0,1
8 5,9,4,1
8 5 1,9,2,0
8 5 1 2,9,1,0
8 5 1 2 1,9,1,0
3 8,6,4,0
3 8 8,6,0,1
7 4,5,7,0
7 4 4,5,0,1
10 3 1,10,4,0
10 3 1 7,10,0,1
3 2 5,10,4,0
3 2 5 8,10,1,0
8 3 1 5,2,0,1
9 3 4,10,2,1
2 3 4,8,1,0
2 3 4 10,8,0,1
1 1 10 9,7,0,1
10 3 8,1,0,2
5 6 8,6,0,1
2 7 10,9,0,2
1 5,3,7,0
1 5 8,3,1,1
6 3,5,3,0
6 3 10,5,0,2
4 10 1,10,3,2
4 10 1 2,10,0,1
1 4,8,7,0
1 4 8,8,1,0
1 1 3,7,2,0
1 1 3 4,7,1,0
1 1 3 4 5,7,1,0
7 5,3,3,0
7 5 7,3,0,1
2 8 10,4,0,1
6 6 3,10,1,1
9 4 8,10,0,1
1 3,3,4,0
1 3 10,3,2,0
1 3 10 7,3,0,1
5 5 9,10,0,1
8 7,1,3,2
1 6 3,2,0,1
9 4 8,8,0,1
3 9,5,5,1
3 9 7,5,0,1
3 2 10,9,1,0
3 2 10 1,9,1,0
3 2 10 1 4,9,0,1
7 3,6,5,0
7 3 8,6,0,1
3 7 6 5,10,0,1
7 1 8,9,1,0
7 1 8 4,9,0,1
2 8,9,5,0
2 8 3,9,2,0
7 4 4,3,0,1
3 6 9,10,1,2
5 6 10,10,0,4
3 9 7,10,0,2
3 2 5 10,10,0,1
9 5 4,10,1,2
5 7 7,10,1,2
6 1 7,2,1,1
4 1 8,4,1,0
4 1 8 7,4,0,1
9 5,1,2,1
9 5 7,1,0,1
3 10 6,8,1,2
3 10 6 1,8,0,1
7 10,2,1,10
2 10 3,10,4,2
5 8 6,6,0,2
5 4,3,6,0
5 4 5,3,1,0
5 4 5 7,3,0,1
4 2,1,5,0
4 2 10,1,2,1
10 3 5,6,0,2
10 3 6,2,0,1
7 8,4,1,6
2 2 6,10,1,0
2 2 6 6,10,0,1
2 6 8,10,1,0
7 1 10,9,0,1
3 8 10,6,0,1
7 1,7,0,4
3 6,9,5,0
3 6 10,9,0,2
4 5,6,2,0
4 5 6,6,0,1
8 8,5,0,1
2 5 9,10,3,0
3 3 6,1,1,0
10 2 5,7,0,2
8 7 2,8,0,1
5 4,9,5,0
5 4 10,9,1,1
3 6,5,5,0
3 6 10,5,0,2
1 4 7 4,5,0,1
2 3,5,2,0
2 3 1,5,2,0
2 3 1 3,5,0,1
5 8,3,3,3
10 2 2,10,3,0
3 5 8,5,0,1
7 3 1,4,0,1
4 8,8,6,0
1 5 9,10,1,3
5 1,8,3,0
5 1 10,8,2,0
2 2,3,4,0
2 2 3,3,1,0
2 2 3 5,3,1,0
2 2 3 5 1,3,1,0
5 6 6,10,0,2
10 8 2,10,0,2
5 4 3,3,1,0
4 4,10,11,0
4 4 2,10,4,0
4 4 2 3,10,1,0
4 4 2 3 1,10,1,0
2 6,7,5,0
2 6 10,7,0,1
3 6,7,2,0
3 6 1,7,0,1
1 5,9,2,0
1 5 6,9,0,1
4 9,8,3,1
3 7 2,10,2,0
3 7 2 4,10,0,1
2 5,6,4,0
2 5 1,6,1,0
2 5 1 9,6,1,0
6 3 7,10,1,2
6 3 7 1,10,1,0
3 9 8,5,0,1
3 1 5,10,2,0
3 1 5 1,10,0,1
2 3 9 4,1,0,1
6 6,5,2,0
7 4 7,4,0,1
2 5 4 6,10,0,1
3 9 5,1,0,1
5 8 1,7,1,0
5 8 1 6,7,0,1
4 7 8,10,0,2
1 5 5,2,0,1
3 1 10,5,1,1
3 1 10 6,5,0,1
5 10 3,8,0,1
1 8,9,0,3
6 2 6 3,10,1,0
6 2 6 3 1,10,1,0
2 7,3,5,0
2 7 9,3,0,1
3 8,8,6,0
3 8 6,8,0,1
2 7 9,4,0,2
3 2 9,10,3,0
3 7 10,8,0,1
5 1 8,10,1,1
5 1 8 5,10,0,1
1 9,2,0,5
3 4 7,10,1,0
5 1,1,2,0
5 1 10,1,1,0
5 10,9,5,7
7 1 9,2,0,1
8 4 3,7,1,0
2 9,9,1,0
2 9 7,9,0,1
3 2 5,3,1,0
3 2 5 4,3,1,0
3 2 5 4 6,3,0,1
4 7 6,8,1,1
6 3 10,3,0,1
2 4 10,1,3,0
2 4 10 2,1,0,1
1 3,5,3,0
1 3 9,5,1,0
1 3 9 8,5,0,1
3 10,5,8,9
10 1,6,0,12
6 9,7,3,2
5 1,2,5,0
5 1 4,2,0,1
10 4 5,1,0,1
6 2 9,10,3,1
7 7 4,10,0,1
3 9,8,4,0
3 9 2,8,0,1
1 6,6,2,0
1 6 2,6,0,1
3 4,7,4,0
3 4 4,7,2,0
3 4 4 10,7,0,1
6 7 5,10,1,1
6 7 5 3,10,0,1
10 4 1,2,2,1
10 4 1 2,2,0,1
6 4,9,4,0
6 4 8,9,0,1
9 1,9,0,3
9 7 5,10,0,1
3 3 3,10,1,0
3 3 3 5,10,1,0
3 3 3 5 2,10,1,0
10 7 4,1,0,1
8 4,3,5,0
8 4 6,3,0,1
7 2,6,7,0
7 2 2,6,1,0
7 2 2 10,6,0,1
2 6 1,10,2,0
2 6 1 10,10,1,0
1 3 5,10,1,1
7 8 6,3,0,1
9 1,2,0,6
10 4 2,3,0,2
1 4 9,10,2,1
2 8,8,4,0
2 8 4,8,0,1
5 6 9,10,0,2
2 2 8,7,1,0
2 2 8 7,7,0,1
8 2,1,1,0
8 2 2,1,1,0
8 2 2 8,1,0,1
3 4,4,4,0
3 4 10,4,0,1
5 2 2,10,1,0
5 2 2 10,10,0,1
6 9,8,3,4
6 9 6,8,0,1
2 5 3,10,7,0
2 5 3 10,10,0,4
3 1,8,3,0
3 1 9,8,2,0
4 8 7,6,0,3
3 2 8,10,0,2
8 4 4,10,1,0
6 3 5,10,2,0
3 2,5,5,0
3 2 1,5,2,0
3 2 1 10,5,2,0
9 6,1,1,2
3 9 4,10,0,1
3 4,3,5,0
3 4 1,3,1,1
3 4 1 10,3,0,1
7 5 6,9,0,1
5 10 4,9,0,2
3 7 9,1,0,1
5 8 5,1,2,0
9 3 8,10,1,1
9 3 8 1,10,0,1
3 5 5,10,0,1
9 7 1,10,1,0
4 4 2 1,10,0,1
3 1 6,10,1,3
3 1 6 10,10,0,1
9 8,5,0,5
2 4 3,10,2,0
2 4 3 10,10,0,2
7 2 4,10,2,1
7 9,6,0,5
6 1 3,10,0,3
5 9 4,8,0,1
4 4,1,4,0
4 4 4,1,1,0
2 7 1,10,1,3
3 7 3,10,1,0
3 7 3 5,10,1,0
3 7 3 5 3,10,0,1
2 10 6,9,0,2
2 4 2,5,1,0
2 4 2 10,5,0,1
2 10 1,5,2,0
2 10 1 3,5,0,1
1 7 6,10,0,1
7 3,8,5,0
7 3 9,8,0,1
1 1 9,7,0,1
2 8 1,10,1,2
2 8 1 7,10,0,1
4 1,8,6,0
4 1 4,8,1,0
4 1 4 10,8,0,1
3 4 8,2,1,1
3 4 8 5,2,0,1
1 4 2,10,1,0
1 4 2 10,10,1,0
3 9 6,10,0,1
3 8 1,6,1,0
3 8 1 4,6,0,1
8 3 5,2,1,0
8 3 5 2,2,0,1
2 5 7,8,1,0
7 6,6,5,0
7 6 2,6,0,1
2 5 10,8,1,0
1 4 8,10,3,1
6 2 7,10,1,0
6 2 7 3,10,0,1
10 4 4,9,1,2
2 4 7,9,1,0
2 4 7 5,9,1,0
5 1,9,5,0
5 1 10,9,1,0
7 3,2,4,0
7 3 10,2,0,2
4 4 10,10,1,4
4 4 10 3,10,0,1
4 3,4,6,0
4 3 9,4,0,1
4 1 9,7,1,0
10 5 4,2,0,1
8 1,5,0,6
1 2 3,1,1,0
1 2 3 5,1,0,1
3 5 4,3,1,0
5 10 6,10,0,3
8 8,9,2,1
8 8 4,9,0,1
3 10 5,1,3,1
3 10 5 2,1,1,0
7 4 5,4,0,1
1 4 10,1,2,0
3 8,9,8,1
5 4 4,9,1,0
7 3 1,10,0,2
3 4 2,8,1,0
3 4 2 9,8,0,1
1 6 10,6,0,1
8 6,9,1,3
10 2 2 5,10,0,1
7 6 7,1,1,0
6 2,3,5,0
6 2 8,3,0,2
10 2 4 1,9,1,0
10 2 4 1 3,9,0,1
2 1 8,9,0,2
6 1 3,1,1,0
6 1 3 5,1,1,0
8 9,4,0,5
9 5 4,6,0,1
8 2 10,2,0,1
4 6,5,4,0
4 6 10,5,0,1
9 6,2,0,3
3 8 3,9,2,0
4 10 1,8,2,0
6 1 6,8,1,0
6 1 6 4,8,1,0
6 1 6 4 3,8,0,1
7 5,6,1,0
6 3 9,2,0,1
1 4 3,5,1,0
1 4 3 10,5,0,1
1 4 6,9,0,2
5 1,5,2,0
5 1 6,5,1,0
5 1 6 3,5,0,1
7 7 1,9,1,0
10 3 2,3,1,1
10 3 7,2,0,1
6 2 6,8,0,1
1 3 4 10,10,1,0
1 3 4 10 3,10,0,1
8 3 6,10,1,4
9 9,3,0,1
9 3 3,8,2,1
7 4 10,5,0,6
1 7 9,2,0,1
2 7 6,5,0,1
1 2 5,1,1,0
1 2 5 10,1,1,0
6 5 3,10,2,0
6 5 3 3,10,2,0
4 7 2,10,2,1
6 7,2,5,2
1 4 6,6,0,1
7 3 4,10,1,1
7 3 4 3,10,1,0
5 3 10,1,1,1
4 1 5,7,0,1
2 8 5,8,0,1
3 10 8,5,0,1
7 8,7,2,2
8 9 2,9,0,1
8 2 9,3,0,1
2 9 7,3,0,1
1 2 5,4,0,2
9 3 7,10,1,1
6 6,1,2,0
10 5 2,1,2,0
6 4,5,3,0
6 4 1,5,0,1
8 2 9,10,0,1
5 9,3,3,1
5 9 3,3,0,2
8 4,4,4,0
2 3,7,2,0
2 3 10,7,1,0
2 5 6,10,2,0
2 5 6 1,10,1,0
3 1 2,9,1,0
3 1 2 4,9,0,1
6 7 3,5,0,1
1 6 10,3,0,3
6 3 3,10,3,0
4 2 7,8,1,0
4 2 7 4,8,1,0
4 2 7 4 4,8,0,1
2 5 6 8,10,0,1
4 10 6,10,0,5
6 2 3,8,2,0
6 2 3 10,8,0,1
5 8,8,5,1
7 6,5,6,1
2 1 10 6,5,0,1
10 3 4,10,1,1
3 4,9,3,0
3 4 1,9,1,0
3 4 1 4,9,1,0
10 3 3,7,1,0
6 5 9,10,0,2
2 10 2,2,2,0
5 9 4,10,3,0
1 4,7,5,0
1 4 5,7,0,2
7 2 10,6,0,2
6 8 4,10,1,0
8 3,1,3,0
8 3 10,1,0,1
2 4 10 2,7,0,1
8 6 5,10,1,0
6 3 10,9,0,3
2 7 10,3,0,2
2 5 5,6,1,0
2 5 5 7,6,0,1
1 2 6,3,1,0
1 2 6 1,3,0,1
10 2 1 8,10,0,1
7 3 7,7,0,1
7 6 1,5,1,0
8 8,6,0,3
1 3 4 1,10,1,0
1 3 4 1 10,10,0,1
7 3 4,5,0,2
2 3 8,1,1,0
2 3 8 6,1,0,1
9 3 3,5,0,2
7 4,7,4,0
7 4 10,7,0,1
5 2 10,7,0,4
8 3 9,10,0,3
8 2 1,10,0,1
4 1 10,10,1,4
3 10 6,2,0,1
3 9 3,10,0,1
8 5,7,4,2
6 10 4,10,0,3
1 1 8,2,0,2
10 2 4,1,1,0
10 4 5,7,0,3
4 9 4,8,1,0
4 9 4 2,8,0,1
2 10 7,10,1,8
9 4,1,2,0
1 2 10,3,3,2
1 2 10 8,3,0,1
4 10 5,8,0,1
7 5 4,10,1,0
7 4 1,3,1,0
7 4 1 9,3,0,1
6 5 6,2,0,2
5 5,7,6,0
5 5 5,7,1,0
5 5 5 6,7,0,1
4 9 5,10,1,1
6 2 3 8,8,0,1
2 9 1,10,1,0
2 9 1 4,10,1,0
2 9 1 4 5,10,0,1
2 4 9,9,1,0
10 6 3,10,1,1
2 9 3,5,1,1
4 2,2,3,0
4 2 4,2,1,0
4 2 4 9,2,0,1
1 8,7,0,3
8 6 1,5,0,1
6 8,4,1,2
8 4 2,3,1,1
7 5 1,10,1,0
4 7 2,3,1,0
4 7 2 3,3,0,1
6 9,4,2,5
2 8 10,2,0,1
2 8 2,4,0,1
9 3 7,1,0,1
2 1,1,4,0
2 1 10,1,2,0
2 1 10 3,1,0,1
4 3 1,10,2,0
4 3 1 10,10,1,1
2 1 4,7,1,0
2 1 4 6,7,1,0
2 1 4 6 6,7,0,1
7 1 7,3,0,2
6 3 10,8,0,1
5 5 10,4,0,2
4 2,6,4,0
4 2 10,6,0,2
4 5 4,3,1,0
8 6,6,3,0
8 6 2,6,0,1
6 2,7,5,0
6 2 9,7,0,1
4 3 4,1,1,0
4 3 4 5,1,0,1
2 3,6,4,0
2 3 2,6,1,0
2 3 2 8,6,1,0
2 3 2 8 5,6,0,1
1 4 7,10,2,0
4 10 7,5,0,2
5 2,8,8,0
5 2 8,8,0,1
2 1 3,10,5,0
2 1 3 10,10,1,1
4 4,3,5,0
4 4 1,3,0,2
2 5 9 4,10,0,2
5 6 10,6,0,1
2 2 10,6,1,1
6 2 4,10,3,0
6 2 4 7,10,0,1
4 1 4,10,2,0
4 1 4 8,10,1,0
4 4 2 6,10,0,1
5 1,3,8,0
5 1 10,3,0,5
5 2 10,8,1,3
3 7 1,10,0,2
5 4 2,10,3,0
5 4 2 10,10,0,1
10 7 2,8,0,1
1 5 1,10,2,0
1 5 1 10,10,1,0
10 3 5,4,0,2
5 2 5,9,1,0
5 2 5 1,9,0,1
7 4 6,10,0,1
4 6 4,10,1,0
4 6 4 7,10,0,1
10 3 1,7,2,0
4 6,8,5,0
4 6 2,8,2,0
4 6 2 7,8,0,1
10 5 5,10,1,1
2 8 6,10,0,1
6 1 9,10,1,1
7 1 6,2,0,1
4 10 5,1,0,2
7 3 2,6,1,0
5 1 7,10,1,0
8 5 5,6,0,1
6 10 3,6,0,1
5 8 2,10,2,0
10 5 4,7,0,2
1 2,7,5,0
1 2 7,7,0,1
9 5 3,2,0,1
2 4 8,2,1,0
1 6 2,9,0,1
1 6,1,3,0
1 6 1,1,0,1
9 8,2,0,6
10 4 4,1,1,0
10 4 4 3,1,0,1
2 1,4,6,0
2 1 2,4,1,0
2 1 2 8,4,1,0
5 3,3,1,0
5 3 4,3,1,0
5 3 4 6,3,0,1
2 1 10,10,4,2
2 1 10 4,10,1,1
7 4 7,6,0,1
5 8 6,7,0,1
9 5 7,2,0,1
9 3,9,1,1
9 3 1,9,1,0
3 6 10 2,10,0,1
4 4 4,3,1,0
4 4 4 8,3,0,1
2 5 1,2,1,0
2 5 1 10,2,1,0
4 3,7,3,0
4 3 10,7,0,3
7 1 3,10,0,3
3 4 2,4,1,0
3 4 2 10,4,0,1
1 4 7 5,10,1,0
1 3 8,7,2,0
1 3 8 2,7,1,0
1 3 8 2 6,7,0,1
7 1 10,10,1,3
4 1 4,3,1,1
10 2 9,9,0,1
3 7 4,10,1,0
9 4 4,3,0,2
9 1,3,0,3
10 5 2,7,0,2
2 1 6,1,1,0
2 1 6 8,1,0,1
7 8 2,9,1,0
7 8 2 2,9,0,1
7 1,8,2,3
3 5 10,10,2,5
10 3 8,9,0,1
6 1 2,10,2,0
6 1 2 10,10,1,1
3 1 2,5,1,0
3 1 2 10,5,1,0
7 2 10,3,0,3
3 2 6,9,1,0
3 2 6 3,9,1,0
1 3 7,6,0,1
10 2 1,8,3,0
10 2 1 7,8,0,1
5 9 1,2,1,0
7 8 5,9,0,1
1 4 8,2,1,0
4 4,5,4,0
4 4 3,5,1,0
4 4 3 7,5,0,1
8 3 2 6,10,0,1
2 6 10,4,0,1
8 2 5,6,0,1
3 2 3,9,1,0
3 2 3 10,9,0,1
6 8,6,1,1
8 7,4,1,4
9 2 6,3,0,1
10 2 3,8,3,0
3 5 3,7,1,0
3 5 3 8,7,0,1
6 6,4,2,0
5 9 3,7,0,1
7 7,1,4,2
2 3 10,10,4,3
2 4 5,1,1,0
2 4 5 5,1,0,1
3 9 5,5,0,1
2 9 8,1,0,1
9 2 5,6,0,1
3 3 6 1,10,0,1
2 7 10,1,0,1
5 5 3,1,1,0
5 5 3 2,1,1,0
4 3,6,9,0
4 3 4,6,1,0
4 3 4 4,6,0,1
9 2,7,1,0
9 2 1,7,1,0
7 3 10,7,0,2
2 1 4,4,1,0
2 1 4 10,4,0,1
2 10 3,1,1,1
7 1 10,5,0,1
4 5,4,3,0
4 5 8,4,0,1
7 9 4,10,0,2
10 5 5,9,0,1
1 2 10,7,3,1
2 1 3 6,10,1,0
2 1 3 6 3,10,0,1
5 7 7,3,0,1
8 5 4,10,2,0
10 6 2,10,2,0
1 3 8,6,1,0
1 3 8 9,6,0,1
3 6 4,9,0,1
3 4,1,5,0
3 4 1,1,2,0
3 4 1 7,1,0,1
7 7,3,1,4
6 2,1,6,0
6 2 6,1,1,0
8 4 6,10,0,1
3 8,1,6,0
3 8 4,1,2,0
3 8 4 1,1,1,0
3 8 4 1 5,1,0,1
2 4 6,1,1,0
3 1 2,10,1,0
3 1 2 5,10,1,0
3 1 2 5 7,10,1,0
3 1 2 5 7 3,10,0,1
5 8 1 2,6,0,1
5 4 6,1,1,0
5 4 6 2,1,1,0
4 1 10,8,0,2
8 5 2,9,1,0
8 5 2 4,9,0,1
7 3 4,2,1,0
4 3 7,9,2,0
4 3 7 6,9,0,1
3 5 2,10,2,0
3 5 2 10,10,0,1
1 6 8,9,1,1
4 2,5,3,0
4 2 10,5,0,2
1 1 1,10,2,0
1 1 1 10,10,1,0
1 1 1 10 3,10,0,1
2 9 10,6,0,1
8 4,8,3,0
9 3 5 1,10,1,0
9 7,7,0,2
6 2 2,10,2,0
6 2 2 10,10,0,1
8 3,8,1,0
8 3 2,8,0,1
2 9 10,1,0,2
2 10 8,7,0,2
4 4,2,2,0
4 4 6,2,1,0
4 4 6 7,2,0,1
1 1 3,10,3,0
1 1 3 10,10,0,1
5 5 4,4,1,0
4 5 10,1,1,3
2 6 2,10,1,0
2 6 2 10,10,1,0
4 1 4 5,10,1,0
4 1 4 5 7,10,0,1
6 2,4,4,0
6 2 10,4,0,2
2 7 2,5,1,0
2 7 2 9,5,0,1
2 9,7,4,0
2 9 10,7,0,2
4 10 2,7,1,0
7 8 5,10,0,1
3 8 7,8,0,1
6 3 5,2,1,0
5 2 8,7,1,0
5 2 8 1,7,1,0
4 2 6,6,1,0
4 2 6 9,6,0,1
7 4 4,7,1,0
7 4 4 3,7,0,1
2 9 6,10,2,0
2 9 6 1,10,2,0
4 2 8,4,2,0
1 7 9,3,0,1
6 6,6,2,0
6 6 8,6,0,1
10 3 6,7,0,1
2 5 1,8,1,0
2 5 1 10,8,0,1
2 6 9,7,1,0
2 9 5,7,0,1
2 5 10,10,3,0
6 3,6,2,0
6 3 10,6,0,2
8 7 1,10,1,0
5 6 1,5,2,0
7 8,8,2,3
10 6 1,8,1,1
4 5 5,10,2,0
1 6,4,4,0
1 6 2,4,0,1
4 9 7,7,0,1
6 5,1,9,0
6 5 7,1,1,2
6 5 7 3,1,0,1
5 4 2,3,2,0
5 4 2 10,3,0,2
2 9 3 7,5,0,1
8 10,8,0,9
1 1 6,3,2,0
1 1 6 10,3,0,2
4 5 6,9,0,2
10 4 3,5,0,1
6 7 8,4,0,1
5 1 3,1,1,0
5 1 3 4,1,1,0
8 2 6,10,1,2
8 2 6 3,10,0,1
2 2 2,6,1,0
2 2 2 10,6,1,0
3 8 3 3,9,1,0
3 8 3 3 4,9,0,1
9 2 8,5,0,2
1 7,1,1,0
1 7 10,1,1,0
10 4 2,8,1,0
5 5 8,2,0,1
10 7 1,8,0,1
5 6 7,10,2,2
5 6 7 1,10,1,0
2 10 2,6,1,2
3 4 8,4,0,1
3 10 7,4,0,1
8 5 7,10,0,1
9 2 1,1,1,0
9 2 1 5,1,1,0
6 2 2,3,2,0
6 2 2 4,3,1,0
6 2 2 4 6,3,0,1
6 5,9,5,0
6 5 10,9,0,3
9 5 1,10,1,1
8 3 7,3,0,1
9 6 2,8,1,0
5 6,3,6,0
5 6 6,3,0,1
5 2 9,3,0,1
3 2 10,5,0,2
7 6 4,9,0,1
10 4 2,9,1,0
7 3 10,8,0,1
2 4,6,5,0
2 4 10,6,0,1
4 3 10,6,0,3
6 10 2,10,2,0
7 9 5,1,0,1
10 2 9,5,0,1
4 10 4,10,1,1
2 10 5,3,0,3
1 3 10,8,2,1
3 3,6,8,0
3 3 1,6,3,0
3 3 1 4,6,0,1
1 3 8,2,1,0
4 9,9,3,0
4 10 2,1,1,1
4 8 3,1,0,1
10 3 7,3,0,1
10 6 1,10,3,0
10 6 1 4,10,0,1
2 4 1,8,1,0
2 4 1 10,8,1,0
2 1 6,4,0,1
10 2 3,6,0,1
2 1 4,10,1,0
2 1 4 1,10,1,0
2 1 4 1 10,10,0,1
1 4 10,5,1,3
4 10 7,10,0,3
3 4 7,2,1,0
10 5 3,9,1,0
10 5 3 1,9,0,1
2 7 8,10,0,3
3 7 2,5,1,0
6 1 5,10,4,0
5 2,4,2,0
5 2 6,4,1,0
9 6,4,0,3
10 2 9,7,0,2
8 10 2,1,0,1
4 1 10 2,10,1,0
6 3 7,8,0,1
6 4 6,9,0,1
5 3 2,10,1,0
5 3 2 10,10,0,1
7 4 1,10,2,0
7 4 1 2,10,2,0
7 4 1 2 3,10,1,0
1 6,5,3,0
1 6 7,5,1,0
6 2,9,2,0
6 2 10,9,1,0
4 8 1 5,10,1,0
6 7,3,3,1
2 1 6,9,0,1
2 5 7,10,1,1
2 5 7 7,10,0,1
3 3 7,10,3,0
3 3 6 3,10,0,1
5 7 6,10,1,2
6 2 7,6,0,1
3 10 8,10,0,5
2 6 10,3,0,1
4 9 6,1,2,0
9 8,7,0,2
2 7 4,9,0,1
10 3 6,10,1,2
2 1 7,10,0,2
2 4 6,10,0,1
9 4 8,1,1,0
1 5 7,3,1,0
1 5 7 4,3,0,1
8 8 5,1,0,1
4 1 3,8,1,0
4 1 3 2,8,0,1
1 3 8 3,7,1,0
4 2 2,7,1,0
4 2 2 2,7,1,0
4 2 2 2 10,7,0,1
1 1 4,3,1,0
1 1 4 10,3,1,0
1 1 4 10 2,3,0,1
9 3 6,10,0,2
7 4 2,1,2,0
7 4 2 1,1,1,0
7 4 2 1 5,1,0,1
10 3 1,8,1,0
10 3 1 6,8,0,1
9 5 7,10,0,2
7 7 2,9,1,0
7 7 2 3,9,0,1
9 3 5,8,1,0
1 4 8 6,10,1,0
10 2 3,1,3,0
10 2 3 4,1,0,1
1 1,9,2,0
1 1 10,9,1,0
1 1 10 1,9,1,0
1 1 10 1 4,9,0,1
10 5 6,1,0,1
3 5 8,10,3,0
7 9,5,0,3
5 4,5,4,0
5 4 10,5,0,2
2 2,1,1,0
2 2 10,1,1,0
2 2 10 2,1,0,1
2 4 3 3,5,1,0
8 2 2,7,1,0
8 2 2 7,7,0,1
7 6 4,5,0,1
1 1,5,3,0
1 1 8,5,0,1
10 3 7,4,0,2
5 2 3,10,1,0
5 2 3 5,10,0,1
1 5 2,3,1,0
1 5 2 1,3,0,1
3 5 2,5,1,0
3 5 2 10,5,0,1
3 9 7,6,0,1
5 6 9,5,0,1
3 1,4,4,0
3 1 3,4,1,0
3 1 3 9,4,1,0
8 4 7,8,0,1
8 2 10,5,0,1
3 10 7,7,0,2
3 1 7,10,0,1
2 10 1,2,1,0
4 4 2 8,10,0,1
4 1 10,4,0,3
8 5 1,6,1,0
8 5 1 7,6,0,1
8 2,9,3,0
8 2 9,9,0,1
1 4 10 1,10,0,1
2 3 2,3,1,0
2 3 2 5,3,1,0
4 9 4,3,0,1
2 10 3,4,0,3
10 2 1,6,1,0
10 2 1 1,6,0,1
5 7 6,9,1,0
3 1 10,4,2,0
3 1 10 2,4,0,1
6 7 4,10,0,2
4 1 8,10,2,0
4 1 8 7,10,0,1
10 7 3,8,0,3
5 3 10,7,0,3
3 2 7,8,1,0
2 1 10 2,10,1,0
2 1 10 2 3,10,1,0
3 5 7,10,0,2
4 6 1,8,1,0
4 6 1 2,8,1,0
2 5 5,7,1,0
3 1 10,2,1,1
3 6 10,7,0,1
5 4 7,10,1,2
3 10 2,7,0,3
6 5 7,3,0,2
7 9,8,1,2
4 6 10,10,1,4
2 2 9,10,2,0
3 6 9 2,10,0,1
7 2 9,3,0,1
2 8 1,2,0,2
2 5 8,7,0,2
3 9 3,8,2,0
5 1 1,10,4,0
5 1 1 10,10,1,3
2 10 2,1,1,0
7 5 8,4,0,1
4 10 5,2,0,1
5 1 9,4,0,1
2 3 3 5,4,1,0
2 3 3 5 3,4,0,1
5 1 9,2,0,1
9 6,3,0,2
4 4 7,10,1,0
2 7 8,3,0,1
6 7 2,5,0,1
5 2 10,3,0,1
10 2 9,1,0,1
1 2 10,1,1,0
1 2 10 3,1,1,0
1 2 10 3 2,1,0,1
10 5 3,10,5,0
9 2 2,4,1,0
2 4 3,6,1,0
2 4 3 7,6,0,1
10 5 2 2,1,0,1
7 1 4,5,1,0
7 1 4 4,5,0,1
10 2 3 6,10,0,1
5 3 2,9,1,0
5 3 2 4,9,1,0
5 3 2 4 2,9,0,1
5 6 7,7,0,1
1 2 1,4,1,0
1 2 1 10,4,1,0
10 4 1,9,1,0
6 2 6,3,1,0
6 2 6 3,3,0,1
2 4 3,8,1,0
2 4 3 1,8,0,1
7 5 7,9,0,1
1 6 10,4,0,2
5 2 9,1,1,1
5 2 9 3,1,0,1
7 3 5,8,1,0
7 3 5 1,8,0,1
3 7 9,10,1,1
4 6 7,8,0,1
2 10 5,5,0,2
3 2 5 5,10,0,1
4 4 7,1,1,1
1 3 3,7,1,0
1 3 3 2,7,0,1
1 9 8,10,1,0
3 3 10 1,10,1,1
5 8 4,8,0,2
2 2 4,10,1,0
2 2 4 6,10,1,0
2 2 4 6 2,10,1,0
4 9 4,7,0,2
6 5 9,9,0,1
4 2 3,8,1,0
4 2 3 5,8,1,0
3 10 5,10,1,1
3 6 2,4,1,0
3 6 2 7,4,0,1
1 8 6,1,1,0
1 5 10,9,1,0
6 4,3,6,0
6 4 10,3,0,3
9 2 4 6,10,0,1
8 7 2,5,0,1
2 6,6,1,0
2 6 10,6,0,1
3 4 8,3,1,0
3 4 8 2,3,0,1
10 3 2,1,2,0
8 4 7,7,0,1
7 1 4,10,2,0
7 1 4 3,10,0,1
6 2 1,5,0,2
5 6 5,10,1,0
2 10 2,8,0,1
2 2,4,2,0
2 2 3,4,1,0
2 2 3 4,4,1,0
2 2 3 4 6,4,0,1
3 10 3,8,0,1
9 4 6,10,1,1
3 10 2,8,1,1
6 7,7,1,1
8 1,3,0,3
6 8 7,10,0,1
3 9 9,5,0,1
6 1 5 6,10,1,0
6 3,1,4,0
6 3 8,1,0,1
3 10 7,9,0,1
3 8 5,8,0,1
3 2,1,1,0
3 2 7,1,1,0
6 4,2,2,0
6 4 5,2,1,0
6 4 5 6,2,0,1
1 7 10,7,0,1
6 1 10,10,2,4
2 3 3,2,1,0
2 3 3 2,2,1,0
2 3 3 2 10,2,0,1
9 3 4 1,10,1,0
10 3 2,10,2,0
10 3 2 1,10,1,1
5 7,2,3,0
5 7 8,2,0,1
6 10 4,9,0,1
7 10 4,10,0,3
5 9 1,7,0,1
3 1 8,10,3,0
3 1 8 4,10,0,1
8 2 3,4,0,1
10 4 2,6,0,1
5 9,6,1,2
3 1 7,3,0,3
1 5 10 5,1,0,1
7 3 8,9,0,1
3 7 3,3,0,1
9 8 4,10,0,1
1 6 1,10,1,0
1 6 1 6,10,0,1
8 3 7,7,0,1
2 2 6,4,1,0
2 2 6 10,4,0,1
5 7 9,6,0,1
5 5 1,4,0,1
3 8,3,2,0
3 8 4,3,0,1
6 9 2,10,1,0
4 9,5,2,1
8 2 3,10,0,2
5 1 9,10,0,1
2 1 3,5,1,0
2 1 3 10,5,1,0
2 1 3 10 2,5,0,1
3 5 10,1,2,1
3 5 10 3,1,0,1
1 2 6,6,0,1
7 2 2,8,1,0
7 2 2 10,8,0,1
10 3 7,1,0,3
5 3 8,4,0,2
3 2 1 10 4,5,0,1
7 1 10,8,0,1
8 4 9,6,0,1
9 3 1,3,1,0
9 3 1 8,3,0,1
2 5 10,3,0,1
4 7 9,3,0,1
2 4 7,7,1,0
2 4 7 2,7,1,0
1 2,2,1,0
1 2 10,2,1,0
1 4 4,10,3,1
6 7 2,2,0,1
5 3 5,10,3,0
5 3 5 1,10,1,0
5 5 7,7,0,1
1 5 10,2,2,1
9 2 3,10,1,0
1 10 5,10,1,0
3 6 10,4,0,3
9 4 6,2,0,1
2 5 8,10,1,1
4 5,8,6,0
4 5 10,8,0,4
1 3 5 7,10,0,1
8 1 5,10,1,0
3 6,8,6,0
3 6 8,8,0,1
2 10 8,9,0,1
4 8,9,2,0
8 4,9,4,0
3 7 5,1,1,0
3 7 5 2,1,0,1
4 6 2 5,8,1,0
2 10 7,6,0,2
3 9 2,10,2,0
3 9 2 5,10,0,1
5 7 5,10,1,1
8 3 4,1,1,0
4 2 1,7,1,0
4 2 1 10,7,0,1
3 2 3 1,10,1,0
3 2 3 1 8,10,1,0
10 4 3,1,0,1
5 1 4,9,0,1
3 7 10,2,0,3
4 1 9,10,2,0
5 3 9,1,1,0
7 7 4,1,1,0
1 8,5,0,1
4 5 4,2,1,0
2 1 10 5,10,0,1
8 3 2,9,1,0
5 7 2,6,0,1
3 6 10,8,0,2
2 7 6,3,0,1
4 7 1,9,1,0
10 5 6,10,0,1
3 5 9,4,0,1
9 3 6,1,1,1
5 4 2 4,10,0,1
5 2 6,10,0,1
3 7 6,5,0,1
10 2 2,1,2,0
10 2 2 3,1,1,0
6 5 10,1,0,4
1 8,6,1,3
1 8 9,6,0,1
5 10 4,1,1,0
3 2 8,2,1,0
6 4 7,2,0,1
3 4 2,10,1,0
3 4 2 8,10,0,1
3 7 2,4,1,0
3 7 2 2,4,0,1
5 2 10,2,1,3
4 4 8,6,0,1
3 1 8 6,10,0,1
1 2 3,10,1,0
1 2 3 2,10,1,0
1 2 3 2 10,10,0,1
3 2 6,10,2,0
3 2 6 10,10,0,1
4 5 7,2,0,1
3 5 8,7,0,1
5 4 3,4,1,0
5 4 3 3,4,0,1
8 3 4,6,1,1
2 5 2,10,2,0
2 5 2 6,10,1,0
3 3 7,6,1,0
3 3 7 3,6,0,1
9 7 3,1,1,0
7 6 1,6,2,0
1 4 2,8,1,1
7 10 1,10,3,0
4 9 2,10,1,0
4 9 2 3,10,1,0
4 9 2 3 1,10,0,1
3 6 6,10,1,2
2 8 8,1,1,0
2 8 8 1,1,1,0
1 3 3,1,1,0
1 3 3 5,1,1,0
4 8,2,4,0
4 7,6,4,0
4 7 10,6,0,1
9 9,2,0,3
5 7 5,1,1,1
3 3 7 8,10,0,1
2 9 7,4,0,2
8 3,5,2,0
8 3 1,5,1,0
6 8 5,10,0,1
4 4,9,3,0
4 4 5,9,1,0
1 6 8 1,10,1,0
1 2,8,5,0
1 2 10,8,1,1
5 8 4,5,0,1
1 2 10 5,3,0,1
8 5 1,7,1,0
10 2 1,5,1,0
10 2 1 2,5,0,1
5 6 4,10,1,0
4 6 2,2,1,0
5 8 2,1,1,0
5 8 2 3,1,1,0
5 9 2,6,0,1
9 1,5,0,3
3 4 3,2,1,0
3 4 3 9,2,0,1
8 5,3,3,2
3 7 10,6,0,5
1 6 8 3,9,0,1
1 3 8,10,1,0
1 3 8 3,10,0,1
6 3 9,1,2,0
6 3 9 2,1,0,1
5 9 2,10,0,1
9 5 2,6,0,1
3 10 4,8,1,1
3 10 4 2,8,0,1
7 6 3 2,10,1,0
7 2 6 5,10,0,1
5 10 2,6,0,1
3 1 1,5,2,0
3 1 1 10,5,1,0
4 8 5,8,0,1
6 2,2,4,0
6 2 10,2,0,3
8 5 4,5,0,1
4 4 10,3,0,2
10 2 7,9,0,1
7 6 6,7,0,1
3 3 10,6,0,2
8 8,2,0,1
2 2 1 4,10,1,0
2 2 1 4 5,10,1,0
10 3 4,8,0,1
2 10 2,5,1,0
1 4 6,7,0,1
5 3 2,6,1,0
5 3 2 6,6,0,1
1 4 4 9,10,0,1
4 7 1,10,1,0
4 7 1 8,10,0,1
3 6 6 2,10,1,0
3 10 4,5,0,1
1 1 3 7,10,1,0
6 1 2,4,0,1
7 5 5,7,0,1
6 3 8,10,1,1
3 7 4,2,0,1
1 4 10,9,0,1
7 1,4,0,3
5 6 4,6,0,1
8 2 6,5,0,2
10 3 5,5,0,2
9 5 5,10,1,0
6 8,2,4,1
6 8 4,2,0,1
2 1 1,4,1,0
2 1 1 7,4,0,1
5 8 3,3,0,1
8 5 4 1,10,1,0
8 5 4 1 1,10,1,0
3 6 8,9,2,0
7 2 7,10,3,0
5 1,6,4,0
5 1 1,6,1,0
5 1 1 3,6,0,1
2 2 5,6,1,0
2 2 5 5,6,1,0
2 2 5 5 4,6,0,1
4 10 5,9,0,2
8 9,2,1,4
9 7,3,0,5
6 5 4,2,0,1
5 3 10 1,10,1,0
6 7,6,6,0
6 7 4,6,0,1
6 4 5,3,0,1
7 4,9,3,0
7 4 10,9,0,2
4 2 10,7,0,2
4 2 8 3,4,0,1
5 3,8,3,0
5 3 10,8,0,1
3 10 2,5,0,2
2 6 9,10,1,0
5 6 4,3,1,0
5 6 4 5,3,0,1
4 7 4,6,0,1
5 4 7,1,1,0
5 4 7 5,1,0,1
4 8 2,10,0,1
4 10 5,5,0,1
4 1 5,9,0,1
1 3 10 4,8,0,1
10 4 7,9,0,1
1 5 1,3,1,0
1 5 1 10,3,1,0
7 5 1,9,0,1
1 2 10 2,8,1,0
5 5 4,2,2,0
5 5 4 3,2,1,0
7 10 3,2,0,1
8 4 3,10,1,3
8 4 3,4,0,1
3 1,6,4,0
3 1 3,6,1,0
3 1 3 2,6,0,1
2 1 7,6,0,1
3 10 3,6,1,0
3 10 3 1,6,0,1
6 9 3,2,0,2
3 10 1 1,10,1,0
3 10 1 1 1,10,1,0
3 10 1 1 1 5,10,0,1
10 3 1 6,10,0,1
2 1 2,5,1,0
2 1 2 10,5,1,0
2 1 2 10 6,5,0,1
8 8,8,2,0
4 3 5,9,2,0
3 10 1,7,1,1
6 4 6,10,0,1
6 8 4,9,1,0
6 8 4 3,9,0,1
3 9 8,10,0,1
5 6 10,3,0,3
4 8,7,3,0
4 8 8,7,0,1
1 3 3,10,2,0
1 3 3 5,10,1,0
1 3 3 5 5,10,1,0
1 2 6 7,10,1,1
5 6,9,7,0
5 6 2,9,1,1
7 4 10,4,0,1
1 3 5,8,1,1
1 3 5 2,8,0,1
9 5,7,2,1
5 10 3,6,0,1
8 3 9,6,0,1
7 3 10,6,0,2
2 6 3 1,9,1,0
2 6 3 1 1,9,0,1
6 10 5,10,0,1
5 1 10,2,1,1
3 10 1,4,1,1
8 3 9,9,0,1
7 4 6,2,0,2
5 2 9,5,0,1
2 6,5,1,0
2 6 4,5,1,0
2 6 4 3,5,0,1
3 10 1,1,1,0
3 10 1 7,1,0,1
6 4 3,3,1,0
2 10 8,2,0,2
2 4 10 4,10,0,1
4 1 9 6,10,0,1
8 3 1,10,1,0
8 3 1 1,10,1,0
1 1 9,10,0,1
2 5 3 5,10,0,1
10 3 6,1,1,0
5 6,8,4,0
5 6 9,8,0,1
2 5 10,2,0,1
5 6 10,1,0,1
1 1 8,10,0,1
2 1 10,8,3,0
2 1 10 3,8,0,1
1 6,7,6,0
1 6 2,7,0,1
2 10 2,4,0,1
6 1 7 5,2,0,1
6 1 10,2,0,2
8 3 10,4,0,2
5 4,8,4,0
5 4 6,8,1,0
5 4 6 3,8,0,1
1 2 4,5,1,0
1 2 4 1,5,0,1
3 4 1,10,2,0
3 4 1 2,10,0,1
2 2 4,8,1,0
2 2 4 8,8,0,1
4 5 1,10,0,2
6 7 1,10,0,1
8 1,2,1,2
8 1 10,2,0,1
3 8,4,2,0
3 8 7,4,0,1
9 2 9,5,0,1
7 10 2,10,1,0
7 10 2 1,10,0,1
6 7 6,3,0,1
3 4 6,10,3,1
3 4 6 4,10,0,1
7 3 2,4,1,0
7 3 2 2,4,0,1
9 6 5,10,0,1
9 3 3,10,2,1
9 3 3 6,10,0,1
5 10 2,10,4,2
1 6 3,5,0,1
5 2 10 2,8,0,1
6 2 5,9,1,0
6 2 5 3,9,0,1
6 3 10,7,0,1
4 8 5 4,1,0,1
1 1 6,5,0,1
6 4,7,5,0
6 4 10,7,0,4
3 4 4 2,7,1,0
1 4 2,5,1,0
1 4 2 10,5,0,1
3 2 10,3,0,3
4 3 5,4,2,0
1 2 10 7,10,1,0
9 8 3,10,0,1
5 8 8,4,0,2
6 1 6,1,1,0
5 3 1,5,1,0
5 3 1 6,5,1,0
2 9 7,8,0,1
4 3 4 10,9,0,1
1 2 10 8,5,0,1
7 2 4 2,10,1,0
7 2 4 2 2,10,1,0
7 2 4 2 2 4,10,0,1
4 3 6,10,1,0
7 2,7,1,0
7 2 2,7,1,0
7 2 2 6,7,0,1
3 5 4,10,1,0
3 5 4 9,10,0,1
8 7,3,1,2
9 2,2,4,0
9 2 1,2,2,0
10 2 5,4,0,1
6 4 5,7,1,0
6 4 5 2,7,0,1
8 8 4,10,0,1
3 1 3 4,10,0,1
9 4 5,7,0,1
6 7 2,6,0,1
5 1 8,9,0,1
2 4 4,6,1,0
2 4 4 7,6,0,1
6 8 2,9,2,0
6 8 2 3,9,0,2
7 3 6,7,1,0
2 3,9,3,0
2 3 4,9,1,0
2 3 4 5,9,0,1
1 3 4 10,2,0,1
10 6 2,1,2,0
6 2 7,5,0,1
6 7 3,2,1,1
4 4 1,5,0,1
5 8 7,4,0,1
6 2 4 5,10,0,1
6 1 8,4,0,1
6 1 6 6,4,0,1
8 6 2,10,2,0
8 6 2 1,10,1,0
8 2 7,5,0,1
1 2 10 3,7,0,1
4 6 7,4,0,1
3 2 2,10,1,0
3 2 2 2,10,1,0
3 2 2 2 10,10,0,1
3 8 3,10,0,1
4 1 8,2,1,0
4 1 8 4,2,0,1
7 4 10,3,0,2
7 2 8,4,0,1
2 4 9,10,1,0
2 4 9 2,10,1,0
3 8 8,5,0,1
4 8 1,1,1,0
4 8 1 4,1,1,0
2 8 10,8,0,1
4 6,3,1,0
4 6 7,3,0,1
3 4,6,4,0
3 4 1,6,1,0
3 4 1 7,6,1,0
3 4 1 7 4,6,0,1
8 1 8,10,0,1
2 3 10,4,0,2
4 6 1,5,0,1
2 5,9,3,0
2 5 1,9,0,1
4 1,6,3,0
4 1 7,6,1,0
4 1 7 9,6,0,1
10 3 3,8,1,0
10 3 6,3,0,1
6 4 2,8,1,0
6 4 2 3,8,1,0
6 4 2 3 4,8,1,0
5 4 1,2,0,1
2 9 10,5,0,1
2 8 5,4,0,1
1 6 8,5,0,1
1 6 7,9,1,0
1 6 7 3,9,0,1
10 8 3,10,0,2
1 5 10,8,1,1
8 6 3,4,0,1
2 5 10,9,0,1
3 7 8,10,0,2
8 2 3,2,3,0
8 2 3 6,2,0,1
3 3 9,6,1,1
1 7 6,7,0,1
1 3 4,9,1,0
1 3 4 4,9,1,0
1 3 4 4 8,9,0,1
5 8 8,3,0,1
3 1 10,9,2,0
3 10 1,6,0,1
1 2 9,8,1,0
1 2 9 2,8,1,0
3 8 7,10,1,0
7 4 4,4,1,1
7 6 1 1,7,1,0
8 6 3,1,1,0
8 6 3 3,1,1,0
4 5 5,4,1,0
3 8 10,9,0,2
5 4 10,10,0,3
3 4 4,10,1,0
3 4 4 5,10,1,0
4 1 5,8,0,1
2 7 8,4,0,1
3 8 1,9,1,0
4 7 10,5,0,2
7 4 3,1,2,0
7 4 3 5,1,1,0
7 4 3 5 1,1,0,1
4 6 8,5,0,1
5 8 4,10,1,0
7 3 1,1,0,1
4 5 1,1,0,1
2 1 10 3,6,0,1
3 3,8,3,0
3 3 10,8,1,0
7 7,8,2,1
6 4 3 1,10,1,0
6 4 3 1 4,10,0,1
2 7 8,8,0,1
6 7 3,7,1,0
5 5 4,10,1,0
1 7 1,8,0,1
5 5,3,5,0
5 5 7,3,0,1
4 10 3,10,1,0
2 3 10,6,1,2
2 1 5,1,1,0
2 1 5 9,1,1,0
2 1 5 9 4,1,0,1
1 1 10,5,1,0
1 1 10 3,5,0,1
6 9 5,1,1,0
10 3 5,10,1,1
3 10 1 5,2,0,1
8 4 7,6,0,1
1 6 4,7,0,2
3 8 9,4,0,1
3 2 10,10,3,5
10 2 9,4,0,1
5 10 6,2,0,1
1 9,8,0,5
4 1 4 7,3,0,1
3 3,7,1,0
3 3 7,7,1,0
9 4 7,8,0,1
8 6 7,5,0,1
3 6 4 1,10,1,0
3 6 4 1 5,10,0,1
10 4 5,2,0,1
1 5,5,3,0
1 5 6,5,1,0
1 5 6 6,5,0,1
5 2 9,10,1,1
4 8 4,8,0,1
1 7 3,5,0,1
5 2 10,5,0,1
10 2 3,3,0,1
2 6 4,9,1,0
2 6 4 3,9,0,1
4 8 3,10,1,0
5 9 4 2,10,0,1
2 2 10,3,1,0
2 2 10 3,3,0,1
5 4,7,2,0
5 4 3,7,1,0
4 3 2,6,2,0
4 3 2 2,6,1,0
4 3 2 2 8,6,0,1
2 9 3,10,1,0
2 9 3 5,10,1,0
2 6 6,8,1,0
1 3 6,5,0,1
8 4,5,4,0
8 4 3,5,1,1
8 4 3 4,5,0,1
1 4 2,9,2,0
1 4 2 10,9,1,0
1 4 2 10 1,9,0,1
1 7 3,10,0,1
7 4 9,1,0,1
5 8,2,4,1
8 5 6,7,0,1
3 3 5,8,1,0
3 3 5 4,8,1,0
3 3 5 4 3,8,1,0
4 5 8,3,0,1
10 3 5,9,1,0
5 8 4,4,0,1
2 10 3 4,10,0,1
5 5,6,1,0
5 5 1,6,0,1
2 10 1,3,2,0
4 3 8,6,0,2
3 8 4,10,1,0
3 8 4 4,10,0,1
2 4 6,2,1,0
2 4 6 1,2,1,0
2 4 6 1 5,2,0,1
1 2 10,6,1,1
5 1 3,10,1,1
3 4 6,8,1,0
3 4 6 3,8,0,1
2 1 10 2,2,0,1
1 1 4,7,1,0
1 1 4 5,7,0,1
1 1 5 3,1,0,1
5 6 6,6,0,1
5 2 10,4,0,1
1 6 3,9,0,1
5 5 2,10,1,0
2 8 3 6,9,0,1
4 3 9,8,0,1
5 4 9,10,1,0
3 7 7,10,1,2
7 8 4,1,1,1
7 8 4 1,1,1,0
2 10 6,2,0,1
1 5,6,3,0
1 5 10,6,0,2
4 2 7,10,1,0
4 2 7 6,10,0,1
6 4,1,2,0
6 4 10,1,1,0
2 10 5,7,0,2
3 4 1,7,1,0
3 4 1 8,7,1,0
3 4 1 8 5,7,0,1
2 3 7,1,1,0
9 4,6,3,0
8 5 4,8,1,0
3 6 2,5,1,0
3 6 2 9,5,0,1
8 6 6,10,1,0
9 5 3,8,1,0
1 1 7,6,0,1
8 4 7,10,0,1
5 3 10,2,0,1
9 2 8,10,0,2
4 6 10,2,0,1
2 10 9,7,0,1
6 2 5,4,1,0
1 6 3,4,0,1
9 7,2,0,4
3 7 5,10,1,1
2 4 5,10,1,0
2 4 5 3,10,0,1
4 6 10,8,0,1
9 3 4,1,1,0
5 5 2,3,2,0
1 7 9,10,1,0
1 7 9 3,10,0,1
4 3 6,8,1,0
4 3 6 4,8,0,1
1 1 2,6,2,0
1 1 2 8,6,1,0
3 2 10 4,10,1,0
7 2 6,5,0,1
6 2 7,8,1,1
9 4,9,2,1
9 5 1,6,0,1
1 9,1,1,1
1 9 8,1,1,0
10 2 8,2,0,1
3 6 7,10,1,0
10 2 7,10,1,2
10 2 7 1,10,0,1
2 5 9,2,0,1
2 1 10,3,0,3
1 2 8,10,0,1
3 3 7 3,10,0,1
4 3 5 7,4,0,1
3 10 4,6,0,1
7 2 7,8,0,1
5 7 9,10,0,1
10 6 4,10,0,4
1 4 7,1,2,0
1 4 7 6,1,0,1
10 5 2,8,0,1
7 3 9,10,1,0
7 2 10,8,0,2
5 5 9,7,0,2
6 2 2,6,1,0
6 2 2 3,6,1,0
6 2 2 3 1,6,1,0
6 2 2 3 1 4,6,0,1
6 10 1,9,0,1
10 5 1,9,1,0
1 1 3 8,10,1,0
10 3 1,5,1,0
3 9,9,1,0
3 9 6,9,0,1
3 4 10,1,1,0
3 4 10 4,1,0,1
1 6 10,2,0,1
5 3 8,6,0,1
2 1 7,2,0,1
10 3 4,9,3,0
2 6 5,2,1,0
2 6 5 8,2,0,1
5 4 10,3,0,1
4 2 8,8,1,0
4 6 3,2,0,1
10 2 7,1,1,0
3 7 2 9,10,0,1
8 4 1 6,10,1,0
4 2 10 4,1,1,0
2 2 8,10,2,0
6 2 10,1,1,1
5 8 7,6,0,1
2 3 3,10,1,0
2 3 3 10,10,0,1
3 6,3,3,0
3 6 10,3,0,1
1 4 9,8,0,1
4 3 5,6,1,0
10 9 2,1,0,1
7 7 1,3,0,1
4 9 8,9,0,1
6 2 10,8,0,2
6 7 3,6,0,1
1 5 3,10,3,0
1 5 3 10,10,0,1
7 6 4,6,0,1
6 1 1,10,0,1
3 2 4,9,1,0
3 2 4 10,9,1,0
9 2 7,10,3,0
9 2 7 1,10,1,0
9 2 7 1 2,10,0,1
2 9 4,5,0,1
1 4 5,3,0,1
6 3 6 1,10,1,0
6 3 6 1 5,10,0,1
4 10 6,7,0,1
8 3 2,5,1,0
2 5 3,5,1,0
2 5 3 1,5,0,1
7 3 4,8,0,1
4 8 6,7,0,1
5 6 1,6,1,0
5 6 1 3,6,0,1
5 1,7,5,0
5 1 2,7,2,1
5 1 2 10,7,0,1
7 1 1,2,0,1
2 3 8,2,1,0
2 3 8 8,2,0,1
3 10 5,7,0,1
1 1 4 3,10,1,0
1 1 4 3 9,10,0,1
1 1 1,3,1,0
1 1 1 8,3,1,0
1 1 1 8 6,3,0,1
5 3 3,10,1,0
5 3 3 10,10,0,1
2 7 4,8,0,1
4 6 3,1,1,0
7 3 7,6,0,1
4 3 10,5,0,1
6 3 7,5,0,1
7 4 4 1,4,0,1
5 3 4,9,1,0
5 3 4 8,9,0,1
6 1 8,2,2,0
2 1 3,4,1,0
2 1 3 4,4,0,1
2 3 8,10,1,0
2 3 8 2,10,0,1
4 5 1,9,0,1
7 8 3,10,0,1
9 3 7,5,0,1
4 7,1,3,0
4 7 3,1,1,0
4 7 3 3,1,1,0
2 10 1,10,2,1
8 4 6,9,1,0
2 3 4,10,1,0
2 3 4 6,10,0,1
1 1 3 10,7,1,0
6 3 4,8,1,0
5 2 10 3,2,0,1
8 10 1,1,1,1
1 3 2,7,2,0
1 3 2 8,7,1,0
6 8 4,5,0,1
10 4 2,1,1,0
10 4 2 4,1,0,1
6 4 9,1,1,0
3 3,4,1,0
3 3 4,4,1,0
3 3 4 5,4,1,0
3 3 4 5 2,4,0,1
6 3 3 7,10,0,1
2 4 1,6,2,0
2 4 1 3,6,0,1
6 2 1,8,0,1
10 2 5,9,1,1
10 2 5 1,9,1,0
5 10 2 2,10,0,1
6 10 1,10,0,1
3 4 10,3,0,2
2 7 8,5,0,1
10 3 4 4,10,0,1
7 2 2,9,1,0
7 2 2 6,9,1,0
8 7 4,6,0,1
2 10 5,9,3,2
4 7 7,1,0,1
2 6 8,4,0,1
1 7 10,2,0,3
6 7 5,1,0,1
6 4 5,9,1,0
6 4 5 4,9,0,1
3 7 10,1,0,1
2 6 4,7,1,0
2 6 4 8,7,0,1
3 10 1 3,10,1,0
3 6 8 1,9,1,0
1 4 7 8,1,0,1
2 7 1 1,10,0,1
2 10 5 4,9,0,1
6 6,2,1,0
6 6 6,2,0,1
6 3 3,1,1,0
6 3 3 4,1,1,0
2 8 6,4,0,1
5 6 1,8,1,0
5 6 1 7,8,0,1
1 8 5,10,0,1
6 4 8,10,0,3
6 10 1,1,1,0
10 3 2,4,1,1
7 5,1,1,0
10 4 7,10,0,1
10 8 3,1,0,1
7 4 3,7,1,0
6 8,8,2,1
2 10 5 1,10,0,1
4 5 8,5,0,1
4 3 8,1,1,0
6 5,4,3,0
6 5 3,4,0,1
2 5 5,10,2,0
2 4 8,1,1,0
3 3,3,2,0
3 3 7,3,1,0
3 3 7 4,3,0,1
2 10 8,1,0,1
9 7 2,8,0,2
10 2 2,7,1,0
8 4 1,4,1,0
8 4 1 3,4,0,1
10 2 4 2,10,1,0
8 9 2,10,1,1
4 7 10,2,0,1
8 3 8,10,0,1
1 1 10 7,10,0,1
3 1,7,6,0
3 1 10,7,3,0
3 1 10 4,7,0,1
5 6,2,1,0
5 6 2,2,1,0
5 6 2 5,2,0,1
9 2 10,3,0,2
10 7 4,10,0,1
3 4 2,6,1,0
3 4 2 10,6,0,1
5 7 4,10,1,1
3 9,3,3,0
3 9 9,3,0,1
8 7 5,10,0,1
3 2 4,10,4,0
3 2 4 8,10,2,0
5 2 4,8,1,0
5 2 4 7,8,0,1
9 2 1,5,0,1
3 7 10,7,0,2
10 3 4,2,0,1
5 6 10,5,0,1
10 4 1,1,1,0
10 3 1,1,1,0
7 5 3,9,1,0
7 5 3 1,9,1,0
3 4 7,9,0,1
1 5 3 7,10,0,1
5 2 8,6,0,1
9 3,4,1,1
8 4 1,8,0,1
10 4 3,2,0,1
5 8 5,2,0,1
3 8 4 6,1,0,1
5 8 7,2,0,1
5 9 3,1,1,0
5 9 3 4,1,0,1
6 7 3,10,1,0
3 7 4,8,1,0
3 7 4 1,8,1,0
3 7 4 1 2,8,0,1
6 1,5,2,0
6 1 9,5,0,1
2 10 4,10,0,4
9 4 5,6,0,1
2 5 5,9,1,0
2 5 5 7,9,1,0
3 4 9,1,1,0
10 3 7,10,0,1
4 3 2 7,6,0,1
4 10 6,8,0,2
6 2 9,2,0,1
7 3 8,4,0,1
6 4 2,9,1,0
6 4 2 8,9,0,1
4 2 5,6,1,0
4 2 5 5,6,0,1
1 5 9,7,1,0
1 5 9 1,7,0,1
3 10 6,5,0,2
4 2 10,2,0,2
8 7 4,9,1,0
1 2 10 6,10,1,0
10 2 1 1,8,1,0
10 2 1 1 6,8,0,1
7 2 9,10,2,0
6 6 2,10,1,0
3 10 8,7,0,1
4 2 6,10,1,0
4 2 6 9,10,0,1
2 5 6,1,1,0
2 5 6 2,1,1,0
2 5 6 2 2,1,0,1
4 4 9,4,0,1
5 2 7,5,1,0
2 6 4,8,1,0
2 6 4 3,8,1,0
2 6 4 3 1,8,1,0
2 6 4 3 1 2,8,0,1
8 4 1,6,1,0
6 2 10,5,0,1
5 1 2 4,7,1,0
5 1 2 4 9,7,0,1
1 4 2 10,8,1,0
3 10 4,1,1,0
2 4 3,3,1,0
2 4 3 2,3,1,0
2 4 3 2 5,3,1,0
2 5 3 4,10,0,1
4 3 3,10,2,0
4 3 3 10,10,0,1
7 6 7,4,0,3
3 10 4,4,0,1
4 8 8,9,0,1
9 8 3,9,0,2
3 5,2,2,0
3 5 9,2,0,1
4 1 1 10,10,1,1
4 1 1 10 5,10,0,1
5 3 5,8,1,0
5 3 5 7,8,0,1
3 6 5,5,0,1
2 3 10 5,10,0,2
7 1 6,8,1,0
7 1 5,9,1,0
7 1 5 4,9,1,0
7 1 5 4 3,9,0,1
8 1,6,0,2
3 4 1,2,1,0
3 4 1 10,2,0,1
5 1 6,2,1,0
5 1 6 1,2,1,0
9 9,8,0,1
4 3 3,5,1,0
4 3 3 10,5,0,1
8 3 9,3,0,1
8 1 6 2,10,0,1
3 1 7,8,0,1
3 8 8,2,0,1
9 2 10,2,0,2
6 4 5,10,1,0
3 9 4,3,0,1
6 8,3,2,1
6 8 3,3,0,2
4 8 7,4,0,1
9 5 6,10,0,1
6 7,8,5,0
6 7 2,8,1,0
6 7 2 1,8,1,0
6 7 2 1 5,8,0,1
3 8,7,1,0
3 8 10,7,0,1
3 9 1,10,2,0
3 9 1 1,10,1,0
3 9 1 1 6,10,0,1
3 7 6,2,0,1
5 1 6,10,2,0
5 1 6 2,10,1,0
5 1 6 2 6,10,0,1
5 6 2,10,1,1
5 6 2 7,10,0,1
9 7 4,8,0,2
8 2 7,10,1,2
6 5,5,2,0
6 5 7,5,0,1
1 2 6,8,0,1
7 8 1,2,1,0
5 7 8,8,0,1
5 3 10,6,0,2
7 4 8,1,1,0
7 6 3,5,0,1
10 2 5 4,10,0,1
8 3 3,10,1,0
9 8 1,1,1,0
3 4 2,2,1,0
3 4 2 10,2,0,1
4 9 7,9,0,1
8 5 8,10,0,1
10 2 4,8,3,0
10 2 4 3,8,0,1
4 7 10,1,0,1
6 3 5,3,0,1
5 4 4,10,2,1
3 5,9,1,0
3 5 10,9,1,0
4 7 1,6,2,0
3 1 9 8,8,0,1
7 6 2,9,1,0
7 6 2 3,9,0,1
1 5 8,2,1,0
1 5 8 3,2,0,1
1 3 2,10,2,0
1 3 2 10,10,1,0
1 3 2 10 4,10,0,1
3 8 1,8,1,0
3 8 1 6,8,0,1
10 7 3,1,0,1
9 2 4,4,0,1
1 7 2,8,0,1
3 8 8,9,0,1
3 6 4,4,1,0
6 5 2,4,1,0
6 5 2 1,4,0,1
6 9 1,10,1,0
1 2 10 2 3,10,1,0
1 2 10 2 3 2,10,0,1
6 1,3,4,0
6 1 8,3,0,1
1 2 2,9,1,0
1 2 2 3,9,1,0
1 2 2 3 1,9,1,0
1 2 2 3 1 10,9,0,1
10 5 6,9,0,1
1 2 8,3,0,1
7 6 6,10,0,1
3 5 7,4,0,1
5 4 6,10,1,0
5 4 6 4,10,0,1
4 2 2,1,1,0
4 2 2 7,1,1,0
4 2 2 7 1,1,1,0
3 6 2,3,1,0
3 6 2 1,3,1,0
3 6 2 1 5,3,0,1
5 4 4 1,10,0,1
3 5 10,6,0,1
2 9 5,3,0,1
3 4 5,1,1,0
3 4 5 5,1,0,1
10 2 3,7,2,0
1 5,4,1,0
1 5 10,4,0,1
1 3 9 5,10,0,1
1 4 10,2,1,0
1 4 10 3,2,0,1
2 5 7,2,1,0
8 3 6,4,0,1
3 1 10 6,9,0,1
1 6 8,3,0,1
2 8 10,9,0,2
8 6 4,10,1,0
8 6 4 2,10,0,1
8 3 1,6,1,0
3 3 9,10,0,1
7 8 5,8,0,1
7 8 5,3,0,1
5 1 9,3,0,1
1 3,4,1,0
1 3 2,4,1,0
1 3 2 4,4,0,1
8 7 6,9,0,2
3 1 9,10,3,0
3 1 9 6,10,1,0
5 8 7,3,0,1
10 5 3,8,1,0
7 4,8,2,0
7 4 1,8,1,0
9 6 3,10,0,1
3 4 5,7,1,0
3 4 5 6,7,0,1
4 10 1,6,0,1
6 4 3,5,1,0
9 2 7,4,0,1
5 7 6,8,0,1
5 2 2,3,1,0
5 2 2 10,3,0,1
2 4 10 5,10,0,2
1 4 8 3,10,1,0
1 4 8 3 1,10,1,0
7 5 6,2,0,1
5 6 1,3,1,0
5 6 1 9,3,0,1
5 4 10,8,0,1
7 2 1 7,10,1,0
7 2 1 7 3,10,1,0
10 4 6,10,0,4
7 10 4,1,0,1
10 3 6,9,0,1
3 7 2,6,1,0
4 3 8,10,1,0
1 1 2,2,2,0
1 1 2 10,2,1,0
1 1 2 10 1,2,1,0
1 1 2 10 1 3,2,0,1
2 7 7,8,0,1
10 4 6,1,0,1
5 10 1,2,0,1
1 3 9 1,10,1,0
1 3 9 1 6,10,0,1
8 4 1,3,1,0
10 7 1,10,2,1
2 9 5,6,0,1
2 2 5,10,1,0
2 2 5 5,10,1,0
6 5 1,9,1,0
6 5 1 7,9,0,1
5 7 2,2,1,0
4 5 1,6,0,1
3 10 6,1,0,1
4 3 2,10,1,0
4 3 2 9,10,0,1
1 7 8,7,0,1
6 3 10,2,0,3
4 10 7,4,0,1
10 4 4,10,0,1
2 10 2 4,10,0,1
6 2 4,7,1,0
6 2 4 6,7,0,1
10 4 2,10,1,0
8 6 1,2,1,0
8 6 1 3,2,0,1
5 6 4,9,0,1
1 2 3,3,1,0
1 2 3 10,3,0,1
6 7 8,8,0,2
5 1 1,3,1,0
5 1 1 9,3,0,1
6 7 5,6,0,1
1 5 10,3,0,2
10 2 2,2,0,1
7 9 5,8,0,1
3 6 4,3,1,0
3 6 4 2,3,1,0
3 6 4 2 1,3,0,1
7 4 6,8,1,0
2 2 4,3,1,0
2 2 4 10,3,0,1
1 6 10 2,10,0,1
5 9 3,10,1,1
5 9 3 2,10,0,1
1 1 1 4,10,1,0
1 1 1 4 6,10,1,0
1 1 1 4 6 2,10,1,0
7 5 8,8,0,1
3 10 8,9,0,1
4 3 7,10,0,1
5 1 6,9,1,0
5 1 6 9,9,0,1
4 5 9,10,0,1
2 10 2 5,2,0,1
6 5 3,1,1,0
6 5 3 2,1,1,0
6 5 3 2 2,1,1,0
6 5 3 2 2 3,1,0,1
5 6 3,10,0,1
2 6 2,9,1,0
2 6 2 3,9,1,0
2 6 2 3 3,9,1,0
3 7 5,3,0,1
9 4 8,5,0,1
5 1 10,5,0,1
7 3 7,4,0,1
5 10 5,2,0,1
5 3 4,7,1,0
3 7 9,6,0,1
3 2 4 4,10,2,0
3 2 4 4 5,10,0,1
3 6 2,10,2,0
3 6 2 10,10,1,0
7 5,5,1,0
6 7 2,4,0,1
10 7 2,1,0,1
4 9 3 3,1,1,0
3 9 7,3,0,1
9 5 5,6,0,1
4 2 10,9,1,0
1 1 9,6,0,1
6 1 8 1,2,0,1
3 5 2 2,10,1,0
3 5 2 2 4,10,1,0
3 3 1 10,6,0,1
5 4 9,9,0,1
2 10 7,4,0,1
7 4 3,9,1,0
2 6 3 1,10,1,0
2 2,9,1,0
2 2 5,9,1,0
2 2 5 10,9,0,1
4 1 10,6,0,1
3 4 8,10,0,1
2 9 9,5,0,1
1 4 2 6,9,1,0
1 4 2 6 2,9,1,0
1 4 2 6 2 4,9,0,1
3 3 8 1,10,1,0
3 3 8 1 6,10,0,1
2 2,2,3,0
2 2 10,2,1,0
3 5 2,4,3,0
3 5 2 10,4,0,1
10 4 1,8,1,0
4 7 1,5,1,0
4 7 1 1,5,0,1
8 4 5,6,0,1
4 1 10 4,9,0,1
5 5 7,9,1,0
5 5 7 1,9,0,1
2 8 7,2,0,1
6 4 2,10,1,0
6 4 2 3,10,0,1
2 10 3,5,0,1
1 4 9,7,0,1
2 3 10 6,10,0,1
7 3,3,1,0
7 3 10,3,0,1
6 2 9 1,10,1,0
2 5 10,7,0,1
5 3 8,5,0,1
9 4 8,7,0,1
3 4 4,6,1,0
3 4 4 9,6,0,1
10 2 5,8,0,1
10 2 9,3,0,1
4 10 5,3,0,1
2 4 3 4 8,1,0,1
6 5 6,8,0,1
3 6 1,5,0,1
2 5 2 4,10,1,0
2 5 2 4 3,10,0,1
1 6 5,10,1,0
1 6 5 5,10,0,1
2 7 7,2,0,1
1 4 7,8,1,0
1 4 7 8,8,0,1
5 2 1,10,1,0
5 2 1 1,10,1,0
5 2 1 1 3,10,1,0
8 7 1 1,2,0,1
6 7 8,6,0,1
4 10 3,9,0,1
2 2,5,1,0
2 2 10,5,0,1
9 7 3,8,0,1
5 1 9,9,0,1
3 9 5,8,0,1
5 7 8,3,0,1
1 3 9,7,2,0
1 3 9 1,7,1,0
5 2 2,9,1,0
5 2 2 6,9,1,0
5 2 2 6 6,9,0,1
7 4 8,3,0,1
5 3 9,4,0,1
5 4 3,2,1,0
9 5,9,1,0
9 5 1,9,1,0
10 4 6,2,0,1
1 3 5,5,0,1
2 1 3 9,10,1,0
1 9 10,10,0,1
1 4 6,1,0,2
6 4 6,5,0,1
3 1 4 5,10,1,0
2 10 9,2,0,1
6 4 2,3,1,0
6 4 2 9,3,0,1
5 4 9,8,0,2
5 2 5,5,1,0
5 2 5 4,5,0,1
8 2 8,4,0,1
4 1 9,2,1,0
4 3 5,8,2,0
4 3 5 7,8,0,1
1 5 4,6,0,1
4 8 3,2,2,0
6 4 2,4,1,0
7 4 5,7,1,0
4 3 10,2,0,2
2 5 3,7,1,0
2 5 3 10,7,0,1
4 8 6,3,0,1
10 2 3 5,10,0,1
2 3 5,1,1,0
2 3 5 10,1,0,1
8 5 7,1,0,1
4 7 9,10,0,1
2 3 6 4,1,1,0
6 9 3,10,0,1
3 8 10,1,0,3
1 2 5,10,1,0
1 2 5 5,10,1,0
1 3 1,10,1,0
1 3 1 10,10,1,0
3 1 3,9,1,0
3 1 3 8,9,1,0
2 5 6,4,0,1
7 4 8,2,0,1
7 7,6,0,1
6 1 1,4,1,1
9 3 9,10,0,2
2 1 4 1,2,1,0
2 1 4 1 3,2,0,1
2 10 1,7,0,1
4 10 3,5,0,1
5 1 10,6,0,1
8 2 7,3,0,1
7 1 3,2,0,1
5 1 4,6,0,1
5 3 3,9,1,0
5 3 3 4,9,1,0
5 3 3 4 5,9,0,1
8 5 3,3,0,1
2 6 8,7,0,1
2 6 6,2,0,1
1 4 4 8,10,0,1
5 9 7,3,0,1
2 10 8,6,0,1
6 9 4,10,0,1
2 9,2,3,0
2 9 10,2,0,3
3 7 5,6,0,1
2 6 10,1,0,1
1 7,9,1,1
1 7 4,9,1,0
3 4 6,2,1,0
3 4 6 3,2,1,0
2 7 10,5,0,1
5 4 7,7,1,0
6 1 9,3,0,1
3 8 6,10,0,1
4 3 7,8,1,0
5 9 1,4,0,1
6 2 5,10,2,0
2 2 5,2,1,0
2 2 5 10,2,0,1
4 1 9,6,1,0
1 6 4,1,0,1
10 3 2 6,7,0,1
4 7 2 1,10,1,0
5 1 4,7,0,1
5 3 9,10,0,1
4 9 3,8,1,0
7 8 4,10,1,0
7 8 4 2,10,0,1
2 6 5,10,3,0
2 8 5,7,1,0
3 3 1,5,1,0
3 3 1 4,5,0,1
3 1 5,4,0,1
5 4 7,3,0,1
4 6,6,1,0
4 6 10,6,0,1
3 10 6,7,0,1
2 5 4,3,1,0
2 5 4 7,3,0,1
6 1 8,9,1,0
6 1 8 2,9,1,0
5 2 8,5,0,1
3 1 2,7,1,0
3 1 2 5,7,0,1
1 7 5,8,1,0
1 7 5 1,8,1,0
1 7 5 1 7,8,0,1
7 2 4,9,2,0
4 3 1,9,1,0
4 3 1 10,9,0,1
2 6 5,7,1,0
8 4 5,3,0,1
2 8 2,8,1,0
2 8 2 5,8,0,1
8 3 1,7,1,0
8 3 1 2,7,1,0
6 2 8,1,2,0
6 6 4,3,0,1
5 8 7,10,0,1
10 2 5,5,0,2
5 2 7,8,1,0
5 2 6,3,1,0
5 2 6 4,3,0,1
3 2 7,4,1,0
3 2 7 3,4,0,1
5 2 1,8,0,1
5 2 4,10,1,0
5 2 4 3,10,1,0
5 2 4 3 7,10,0,1
3 4 1,8,1,0
3 4 1 6,8,0,1
8 9 1,9,1,0
1 5 1,2,1,0
1 5 1 6,2,1,0
1 5 1 6 1,2,1,0
1 3 2 7,10,1,0
8 6 7,1,0,2
8 1 10,9,0,1
4 8 4,7,0,1
7 2 5,6,1,0
6 1 10,3,0,1
5 7 4,3,0,1
5 8 3,7,0,1
1 6 9,10,1,0
3 8 10,8,0,2
3 3 10 5,10,0,1
5 3 7,6,1,0
4 6 5,10,1,0
4 6 5 3,10,1,0
8 7 5,1,0,1
5 2 7,9,1,0
5 2 7 4,9,1,0
5 2 7 4 3,9,0,1
3 6 9,8,1,0
9 7 3,9,0,1
6 5 4,8,1,0
6 5 4 4,8,0,1
6 7 5,3,0,1
7 6 1 5,6,0,1
1 3 6,10,0,1
4 5 4,7,1,0
4 5 4 4,7,0,1
3 4 1 2,1,0,1
6 1 1 9,4,0,1
3 2 1,7,1,0
3 2 1 10,7,0,1
3 1 4 8,1,0,1
6 1 6,3,1,0
6 2 6,7,1,0
6 2 6 3,7,0,1
10 8 2,1,0,1
10 3 7,5,0,1
2 3 10 1,10,1,0
2 3 10 1 5,10,0,1
2 4 5,5,1,0
2 4 5 10,5,0,1
4 2 7,9,1,0
3 2 5 6,10,1,0
7 4 2 8,1,0,1
5 3 9,2,0,1
1 4 10,8,0,1
3 9 9,10,0,1
4 7 7,10,0,1
4 3 3 7,10,0,1
1 3 2 7,7,1,0
1 3 2 7 1,7,0,1
6 2 2 10,3,0,1
2 6 5 7,10,0,1
5 3 1 5,2,1,0
5 3 1 5 3,2,0,1
1 4 8 8,10,0,1
3 8 9,9,0,1
2 1 4,6,1,0
2 1 4 10,6,1,0
3 10 8,6,0,2
1 1 4 8,10,1,0
4 2 10 1,10,1,0
2 8,3,1,0
2 8 10,3,0,1
7 9 3,7,0,1
10 4 5,5,0,1
4 8 3,6,0,2
3 5 1,2,1,0
3 5 1 2,2,0,1
7 7 2,10,1,0
7 7 2 4,10,0,1
5 5,5,1,0
5 5 8,5,0,1
7 4 2,3,1,0
3 3 1 2,6,0,1
10 2 4 5,8,0,1
1 7 10,5,0,2
1 4 6,8,0,1
1 8,3,1,2
10 2 6,1,1,0
1 1,8,2,0
1 1 7,8,0,1
1 6 5,8,1,0
1 6 5 4,8,1,0
4 4 3,8,2,0
4 4 3 10,8,0,1
1 5 10 3,2,0,1
6 4 7,10,0,1
2 1 5,5,2,0
2 1 5 6,5,2,0
2 1 5 6 1,5,1,0
2 1 5 6 1 6,5,0,1
3 5 10 1,10,1,1
3 7 6,9,0,1
2 9 3,4,0,1
1 6 1,7,1,0
1 6 1 10,7,0,1
10 2 8,5,0,2
1 6 9,3,1,0
7 5 9,7,0,1
1 5 9,5,0,1
6 1 1,9,1,0
6 1 1 4,9,1,0
1 8 6,10,0,1
2 7 9,9,0,1
3 1 1 6,5,0,1
5 6 2,8,1,0
5 6 2 7,8,0,1
4 6 8,4,0,1
8 3 5,1,1,0
4 5 10 1,10,0,1
5 1 1,7,1,0
5 1 1 5,7,1,0
5 1 1 5 8,7,0,1
4 5 10 2,10,0,1
4 3 10,4,0,3
4 1 1,2,1,0
4 1 1 6,2,1,0
9 5 2,8,1,0
10 4 3,4,0,1
3 9 2,6,0,1
6 10 3,8,0,1
6 8 2,10,1,0
6 8 2 3,10,1,0
4 7,7,1,0
4 7 10,7,0,1
6 7 7,6,0,1
2 3 1 10,5,1,0
5 7 7,9,0,1
2 10 9,4,0,1
4 1 2,10,1,0
4 1 2 6,10,1,0
4 1 2 6 5,10,0,1
1 6 2,10,1,0
1 6 2 4,10,1,0
1 6 2 4 1,10,1,0
9 2 10,4,0,1
4 10 1,5,0,1
2 5 2,3,1,0
2 5 2 9,3,0,1
10 4 2,7,2,0
1 8 10,2,0,1
8 2 7,2,1,0
8 2 7 3,2,0,1
2 4 1 7,6,1,0
5 7 3,2,1,0
5 7 3 3,2,0,1
3 7 1,6,0,1
4 3 5 7,10,1,0
2 5 4 10,10,0,3
5 6 6,9,1,0
3 1 10 4,10,0,1
3 6 5,8,1,0
3 6 5 2,8,1,0
4 7 2,9,1,0
4 7 2 3,9,0,1
4 4 3 6,8,0,1
2 9 7,6,0,2
3 4 1 9,10,0,1
7 6 5,10,1,0
3 10 7,3,0,1
4 10 3,8,0,1
9 2 2,6,1,0
9 2 2 5,6,0,1
10 4 1,10,1,0
3 7 1,2,0,1
2 7 2,9,1,0
2 7 2 10,9,0,1
3 6 5,1,1,0
5 1 2,8,1,0
5 1 2 4,8,1,0
5 1 2 4 7,8,0,1
10 9 2,10,0,2
4 2 1,4,1,0
4 2 1 3,4,0,1
6 9 5,10,0,1
5 1 10 4,10,0,1
3 2 4 4 2,10,1,0
6 1 1,5,0,1
6 5 6,10,1,0
4 4,7,1,0
4 4 8,7,0,1
4 7 1 3,6,1,0
4 7 1 3 5,6,0,1
5 7 2,1,0,1
3 1 9 7,10,0,1
2 4 2,2,1,0
2 4 2 10,2,0,1
8 2 2,5,1,0
3 3 6,3,1,0
6 2 7,4,0,1
10 2 1,9,1,0
10 2 1 4,9,1,0
10 2 1 4 4,9,0,1
1 8,8,1,1
1 8 10,8,0,1
7 5 3,10,0,1
5 4 9,6,0,1
7 4 2,2,1,0
7 4 2 3,2,0,1
1 1 9,8,0,1
9 3,7,1,0
7 1 5,2,1,0
7 1 5 8,2,0,1
8 3 10,2,0,1
1 1 6,7,0,2
2 3 1,9,1,0
2 3 1 3,9,0,1
3 7 4,6,0,1
8 2 8,9,0,1
5 9 7,9,0,1
6 2 8,10,1,0
5 5 1,9,0,1
4 7 3,10,1,0
6 2 2 1,10,0,1
2 8 5,10,1,0
5 3 10,4,0,1
2 10 3 1,10,0,1
2 5 3 6,10,0,1
5 9 6,10,0,1
3 10 7,8,0,1
2 10 5,6,0,1
7 3 8,2,0,1
5 8 4,2,0,1
9 6 1,7,1,0
9 6 1 3,7,0,1
10 5 3,2,0,1
5 8 1,10,1,0
5 8 1 4,10,1,0
5 8 1 4 1,10,1,0
4 3 7 4,9,1,0
4 3 7 4 1,9,1,0
3 1 10,6,1,0
3 1 10 3,6,0,1
8 2 4,7,1,0
8 2 4 6,7,0,1
2 5 7,7,1,0
4 10 1 6,10,0,1
2 10 1 2,10,1,0
4 6 10,9,0,1
7 3 7,10,0,1
7 2 8,2,0,1
4 4 7,5,0,1
3 8 5,1,0,1
3 2 6 9,10,0,1
7 4 9,4,0,1
3 7 7,9,0,1
10 2 6,4,0,2
10 2 3 1,7,0,1
5 2 9,9,1,0
2 1 10 3,5,0,1
1 2 10 4,10,1,0
8 4 7,5,0,1
4 10 3,1,1,1
2 2 7,2,1,0
2 2 7 8,2,0,1
5 2 4,3,1,0
5 2 4 9,3,0,1
4 5 9,1,0,1
6 6 2,6,1,0
2 2 5,3,1,0
2 2 5 6,3,1,0
4 6 2,10,1,0
4 6 2 8,10,0,1
10 3 4,5,0,1
5 4 6,9,1,0
5 4 6 1,9,1,0
5 4 6 1 2,9,0,1
6 6 6,4,0,1
10 3 5,7,0,1
3 1 4 6,10,1,0
9 5 7,7,0,1
4 8 5,6,0,1
4 5 4,10,1,0
4 5 4 8,10,0,1
3 2 2,6,1,0
3 2 2 7,6,1,0
2 10 1 4,3,0,1
9 3 6,4,0,1
2 10 3,8,0,1
5 7 8,1,0,1
6 3 1,10,0,1
4 1 9,1,1,0
5 5 4,7,1,0
9 4 4,5,0,1
6 5 10,5,0,1
4 9 7,3,0,1
7 4 1,6,1,0
7 4 1 7,6,0,1
8 2 2 8,2,0,1
10 7 1 3,10,0,1
1 8 1,3,0,1
8 8 2,9,0,1
6 8 3,10,1,0
1 3 9 7,7,0,1
3 9 1 8,10,0,1
2 6 5,3,1,0
2 10 8,5,0,1
1 5 2,7,1,0
1 5 2 8,7,0,1
8 9 4,10,0,1
3 10 1 4,7,0,1
2 3 6,2,1,0
2 3 6 3,2,1,0
2 3 6 3 7,2,0,1
5 4 2 5,10,1,0
3 5 2 1,4,0,1
8 2 6,2,1,0
1 1,4,3,0
1 1 3,4,1,0
1 1 3 8,4,1,0
7 2 7,9,1,0
5 7 1,9,0,1
4 1 9,4,1,0
4 1 9 1,4,0,1
1 2 2,3,1,0
1 2 2 6,3,0,1
1 2 10,9,1,0
3 4 5,6,1,0
3 4 5 8,6,0,1
6 8 3,2,0,1
1 5 3 5,10,1,0
8 3 6,7,0,1
5 5 3,8,1,0
5 5 3 1,8,0,1
6 1 6,7,1,0
4 8 9,3,0,1
3 4,5,1,0
3 4 10,5,0,1
1 4 5,10,0,1
2 9 2,8,0,1
3 4 9,8,1,1
3 4 9 4,8,0,1
2 1 6 5,10,1,0
2 1 6 5 1,10,1,0
2 1 6 5 1 4,10,0,1
9 2 2,10,0,1
8 2 3,9,1,0
8 2 3 3,9,0,1
3 3 1,2,1,0
3 3 1 4,2,0,1
4 8,5,1,0
4 9 5,3,0,1
6 2 1,7,0,1
10 2 1,7,1,0
10 2 1 7,7,0,1
6 5 2,7,1,0
3 4 9,4,0,1
4 6 9 2,10,0,1
3 6 3 4,10,1,0
3 6 3 4 5,10,0,1
2 6 1 2,10,0,1
5 4 7,6,0,1
8 4 3,1,1,0
2 6 5,1,1,0
5 5 8,3,0,1
10 3 2 2,7,0,1
4 4 10,9,1,0
2 4 8,10,0,1
5 9 1,10,0,1
3 3 8,9,1,0
3 3 8 5,9,0,1
3 1 4,6,2,0
3 1 4 4,6,1,0
3 1 4 4 7,6,0,1
5 7 1,10,1,0
5 7 1 2,10,0,1
3 2 10,8,1,0
3 2 10 2,8,0,1
6 2 10,7,0,1
2 5 9,6,0,1
3 1 5 9,10,1,0
2 4 9,8,1,0
2 4 9 1,8,1,0
2 1 5,10,1,0
2 1 5 2,10,0,1
3 4 5 8,10,1,0
3 4 4,9,1,0
3 4 4 4,9,0,1
5 3 4,10,1,0
5 3 4 2,10,1,0
5 3 4 2 2,10,1,0
2 5 1,7,1,0
2 5 1 3,7,0,1
8 2 8,7,0,1
1 4 4 10,10,0,1
10 2 6,3,0,1
5 10 4,8,0,2
1 1 2 1,2,1,0
1 1 2 1 7,2,1,0
3 1 7,5,0,2
7 2,1,1,0
7 2 5,1,1,0
8 3 8,2,0,1
3 7 3,6,1,0
3 7 3 4,6,0,1
4 7 7,2,0,1
4 2 1,9,1,0
4 2 1 6,9,1,0
4 2 1 6 8,9,0,1
6 9 1,4,0,1
7 1 3,1,0,1
9 5 2,10,1,0
9 5 2 5,10,0,1
5 2 7,1,1,0
5 2 7 5,1,1,0
10 6 2 2,1,0,1
8 6 1,8,1,0
8 6 1 3,8,0,1
6 3 1,9,1,0
6 3 1 10,9,0,1
10 5 6,8,0,1
5 7 3 2,1,1,0
2 2 7,8,1,0
2 2 7 4,8,1,0
2 2 7 4 4,8,0,1
1 6 10,7,0,2
7 2 7 1,10,1,0
7 6 5,3,0,1
5 7 4,4,0,1
3 1 9 2,10,0,1
3 5 3 3,10,1,0
3 10 2 3,8,0,1
4 4 2,9,1,0
4 4 2 10,9,0,1
10 3 3,4,0,1
3 6 2,8,1,0
3 6 2 5,8,1,0
3 4 6 3,10,0,1
3 1 8,1,1,0
6 2 5 4,10,1,0
4 3 5 6,9,0,1
10 2 3 2,8,1,0
1 1 8,9,0,1
7 3 3,5,1,0
7 3 3 5,5,0,1
2 6 4,10,1,0
7 1 5,10,1,0
3 5 10,8,1,1
10 3 2 3,1,0,1
3 3 4,10,1,0
3 3 4 10,10,0,1
5 8 2,7,0,1
2 1 1,10,1,0
2 1 1 6,10,0,1
5 5 10,3,0,1
9 6 1,9,1,0
9 6 1 4,9,0,1
7 2 7,6,0,1
3 1 10 6,7,0,1
4 6 5,5,0,1
5 3 4,6,1,0
5 3 4 1,6,0,1
3 8 9,6,0,1
4 2 5,10,1,0
4 2 5 10,10,0,1
6 1 9,2,0,1
3 5 6,10,1,0
2 5 7,5,1,0
2 3 7,10,1,0
2 3 8,9,0,1
9 2 4 2,10,0,1
5 4 7,5,0,1
9 2 5,10,0,1
2 8 10,7,0,2
5 9 2,7,0,1
1 2 8,1,0,1
3 6 8,10,0,1
2 6 4,2,1,0
2 6 4 7,2,0,1
4 10 1,1,1,0
4 10 1 6,1,0,1
8 5 4,4,0,1
2 1 8,3,0,1
2 10 4,7,0,1
5 10 1 2,1,1,0
6 1 10,9,0,1
3 2 9,7,1,0
1 2 6,1,1,0
1 2 6 9,1,0,1
2 1 1,8,1,0
2 1 1 4,8,1,0
2 1 1 4 3,8,0,1
3 1 10 7,10,0,1
5 2 2,7,1,0
5 2 2 10,7,0,1
3 5 2 7,4,0,1
10 4 1 1,2,1,0
2 5 10,4,0,1
5 4 9,4,0,1
1 1 2,4,1,0
1 1 2 7,4,0,1
6 5 10,4,0,1
2 7 5,10,1,0
2 7 5 2,10,1,0
2 7 5 2 3,10,0,1
1 1 8,4,0,1
7 9 2,10,1,0
7 9 2 1,10,1,0
4 9 8,7,0,1
1 1 10 5,10,0,1
4 5 10,4,0,1
4 3 7,1,1,0
4 3 7 3,1,1,0
1 8 8,10,1,0
3 8 6,9,1,0
4 3 9,5,0,1
7 2 3,10,1,0
7 2 3 3,10,0,1
8 6 5,6,0,1
3 4 9,10,0,1
3 1 8,5,1,0
3 1 8 3,5,0,1
2 1 5 6 3,5,0,1
1 5 3,5,0,1
9 8 2,10,1,0
9 8 2 1,10,0,1
2 10 5 4,10,0,1
2 10 4,2,0,1
6 2 8,8,1,0
5 6 1 9,5,0,1
3 3 8,8,0,1
5 5 10,7,0,1
3 8 1,3,1,0
5 1 3,3,0,1
7 6 5,2,0,1
2 6 8,1,1,0
2 6 8 1,1,1,0
2 6 8 1 4,1,0,1
6 1 7,4,1,0
6 1 7 1,4,0,1
6 3 3,4,1,0
2 7 5,8,1,0
2 7 5 6,8,0,1
1 3 8,3,2,0
1 3 8 4,3,0,1
4 6 1 10,10,1,0
4 8 4,3,0,1
6 3 2,4,1,0
6 3 2 9,4,0,1
1 2 10 6,7,0,1
4 2 5,7,1,0
4 2 5 9,7,0,1
7 2 8,6,0,2
4 3 5 3,10,0,1
5 7 2,10,1,0
4 5 10,3,0,1
10 2 7,3,0,1
6 2 10,6,0,1
3 9 9,1,0,1
5 6 10,9,0,1
7 7 7,5,0,1
4 4 5,5,1,0
4 4 5 1,5,1,0
4 4 5 1 6,5,0,1
4 9 6,10,0,1
8 1 3,10,1,0
8 1 3 1,10,1,0
4 2 7,1,1,0
6 8 5,7,0,1
1 6 4,8,0,1
3 2 9,5,1,0
6 5 8,10,0,1
5 7 8,10,0,1
10 3 1,4,1,0
2 8 6,9,1,0
8 4 8,2,0,1
2 9 6,3,0,1
4 5 1,8,0,1
2 10 1,4,0,1
5 9 3,9,0,1
4 4 2,1,1,0
4 4 2 10,1,0,1
2 5 2,8,1,0
2 5 2 7,8,1,0
5 6 6,8,1,0
5 6 6 1,8,0,1
1 2 4,10,1,0
1 2 4 10,10,1,0
8 6 4,4,0,1
1 3 3 7,10,1,0
8 7 3,3,0,1
7 3 7,8,0,1
4 5 4,8,1,0
4 5 4 5,8,1,0
8 4 3 2,10,1,0
9 2 1,10,1,0
9 2 1 4,10,1,0
1 6 5,1,1,0
1 6 5 9,1,0,1
2 3 4,7,1,0
2 3 4 1,7,0,1
4 4 3,2,1,0
4 4 3 4,2,1,0
4 4 3 4 6,2,0,1
7 3 5,10,1,0
7 3 5 2,10,1,0
2 5 8 5,2,0,1
4 4 9,10,1,0
4 4 9 1,10,0,1
9 3 3 4,10,1,0
8 5 8,7,0,1
4 6 2,7,1,0
4 6 2 3,7,1,0
1 1 10 6,10,1,0
5 6 7,9,0,1
4 2 6 9,7,0,1
7 7 2,5,0,1
6 3 9,8,0,1
10 4 3,9,1,0
2 6 7,1,1,0
2 6 7 3,1,1,0
1 4 8,3,1,0
1 4 8 4,3,0,1
6 7 4,8,0,1
7 4 9,2,0,1
3 3 1,9,1,0
3 3 1 7,9,0,1
10 3 1,2,1,0
10 3 1 6,2,0,1
7 7 4,8,0,1
5 1 2,6,0,1
4 8 6,10,0,1
10 3 3,9,1,0
6 10 4,7,0,1
3 8 8,10,0,1
1 7 10 3,10,0,1
5 5 2 3,3,1,0
5 5 2 3 1,3,0,1
2 5 8 1,2,0,1
10 8 3,9,0,1
1 7 5,10,0,1
5 4 1,5,0,1
6 5 4 5,10,0,1
3 1 8 2,10,1,0
10 4 4,2,0,1
7 6 5,5,0,1
4 1 8,8,1,0
4 1 8 6,8,0,1
9 3 4,2,1,0
9 3 4 5,2,0,1
3 1 1,7,1,0
3 1 1 10,7,1,0
6 3 4,10,1,0
7 4 3 7,1,0,1
8 5 6,9,0,1
7 2 7,3,0,1
4 6 10,4,0,1
5 2 2,6,1,0
5 2 2 10,6,0,1
7 3 6,10,0,1
6 2 4,1,1,0
6 2 4 5,1,1,0
3 7 7,8,0,1
10 8 1 1,10,0,1
5 1 3 10,10,0,1
9 3 9,2,0,1
7 5 9,2,0,1
1 2 8,8,0,1
6 5 1,7,1,0
7 7 4,2,0,1
2 3 6,8,1,0
2 3 6 10,8,0,1
2 1 2,10,2,0
2 1 2 4,10,1,0
2 1 2 4 1,10,1,0
2 1 2 4 1 8,10,0,1
5 2 9,7,1,0
3 3 4,1,1,0
3 3 4 10,1,0,1
6 5 2,10,0,1
2 10 2,3,1,0
2 10 4,1,1,0
4 1 7,1,1,0
4 1 7 4,1,1,0
4 1 7 4 4,1,0,1
5 10 3,10,0,1
2 5 3,6,1,0
2 5 3 1,6,0,1
3 6 2 8,10,0,1
7 2 6,8,0,1
4 9 8,4,0,1
4 6 9,9,0,1
1 4 10 2,5,0,1
2 6 5 5,10,0,1
1 1 8,7,0,1
1 2 3,5,1,0
1 2 3 10,5,1,0
1 4 8,7,1,0
1 4 8 6,7,0,1
3 7 5 2,10,1,0
3 7 5 2 3,10,1,0
3 1 4 10,6,0,1
5 10 4 1,10,0,1
2 1 2 5,10,0,1
2 1 3 8,10,1,0
2 1 10,4,0,1
3 5 8,4,0,1
7 5 3,2,1,0
2 7 6 6,10,0,1
1 3 8 5,3,0,1
8 3 4 3,6,0,1
6 5 1,1,1,0
6 5 1 2,1,1,0
5 3 3,8,1,0
5 3 3 3,8,1,0
5 3 3 3 4,8,1,0
5 6 1,9,1,0
5 6 1 4,9,0,1
2 9 2,7,0,1
6 9 3,1,0,1
4 8 6,6,0,1
1 1 5,3,1,0
1 1 5 6,3,1,0
1 2 6,9,1,0
1 2 6 10,9,0,1
8 2 3 4,2,0,1
3 1 7,7,0,1
9 10 1,1,1,0
10 4 4,7,0,1
5 3 5 4,10,1,0
5 3 5 4 4,10,0,1
1 6 7,10,0,1
10 5 4,8,0,1
4 8 2,8,0,1
1 5 1 9,10,1,0
1 1 2 10,6,1,0
1 1 2 10 7,6,0,1
4 1 3,10,1,0
4 1 3 6,10,1,0
4 1 3 6 3,10,1,0
7 7 6,1,0,1
1 2 10 8,10,0,1
9 10 2,10,0,1
4 2 1,5,1,0
4 2 1 9,5,1,0
4 9 4,6,0,1
2 6 1,9,1,0
2 6 1 2,9,0,1
6 2 1,10,1,0
6 2 1 4,10,0,1
1 2 2,10,1,0
1 2 2 4,10,1,0
1 2 2 4 4,10,1,0
9 4 3,7,1,0
